date,open,high,low,close,volume
11-12-2020,492.5402601,499.9392685,489.4936252,498.5368347,25335765
14-12-2020,501.0998246,510.4815552,501.0998246,508.5471802,26369591
15-12-2020,506.8063224,507.0481194,496.2639536,501.0515442,26969145
16-12-2020,502.9858864,504.5817695,494.3295753,495.6352844,24263586
17-12-2020,497.1344387,499.5524078,492.3952253,493.6525574,23883288
18-12-2020,497.1343964,501.2449435,492.4435309,500.1810608,21735833
21-12-2020,497.7147401,497.8114943,472.1810216,478.274292,29157759
22-12-2020,480.9824092,485.3347537,473.0514881,483.8839722,32328041
23-12-2020,482.6266147,488.9133341,480.2569933,487.0756836,19205951
24-12-2020,490.122264,499.0204008,488.5264106,496.6991272,17576807
28-12-2020,498.9720395,504.0981213,496.7474611,503.0341797,14470472
29-12-2020,505.4039293,513.383228,500.8581352,511.4488525,19092649
30-12-2020,514.2052887,515.5109683,507.3382216,511.4004211,21365141
31-12-2020,512.7060625,520.830461,509.2242111,517.4936523,27817770
01-01-2021,517.9772538,519.3796875,508.8373201,510.1914063,13592625
04-01-2021,514.83389,517.445308,507.09639,514.2536011,16549750
05-01-2021,509.3693564,522.2329392,505.8390981,519.621521,23311516
06-01-2021,521.0723214,532.5334708,518.2674537,528.7614746,28178838
07-01-2021,534.0326233,536.2087953,522.0394742,523.3451538,21138034
08-01-2021,529.0516286,529.1483238,518.7510568,524.2640381,21937965
11-01-2021,527.2623336,528.0844195,517.4453561,526.8270874,19394393
12-01-2021,523.2484857,532.5818696,519.4764305,530.0187988,16388310
13-01-2021,533.4039304,542.5922121,530.2605709,538.2398682,21920297
14-01-2021,535.8702882,540.1259373,532.5334791,535.1448975,13330898
15-01-2021,531.9531745,532.920362,523.7320799,525.1828613,15708956
18-01-2021,526.633622,530.4056771,511.5455198,515.6560669,21580313
19-01-2021,521.3141544,529.7770465,516.3815209,528.5197144,20575358
20-01-2021,528.519597,536.4021393,528.0843508,532.9202881,16097138
21-01-2021,536.7890948,542.5922201,531.6630125,534.5645752,18189277
22-01-2021,534.9514379,535.3383365,513.1897169,516.284729,24515997
25-01-2021,518.9444214,524.5057494,513.7699921,520.3952026,23415249
27-01-2021,520.1534475,521.5075337,502.0670287,505.2103882,28049286
28-01-2021,497.7146758,512.4642855,495.2000118,510.9168091,29836591
29-01-2021,515.849381,527.0687904,512.0773855,519.3796387,33172808
01-02-2021,533.8875487,589.4524875,532.9203611,583.987854,69354326
02-02-2021,592.8859585,603.5250214,579.0551886,597.0932007,42362384
03-02-2021,602.9447323,606.9101776,593.8531459,601.9291382,27155908
04-02-2021,598.4956176,610.9240125,589.0171918,607.6838989,29982222
05-02-2021,607.6839602,614.4542734,590.9516264,593.998291,32015570
08-02-2021,601.9291741,613.1485856,601.9291741,608.9412842,18230551
09-02-2021,610.6338013,622.0950085,607.9740357,612.5681763,27155615
10-02-2021,612.5682317,617.2591269,605.8463252,611.4076538,23967387
11-02-2021,606.1848538,612.8100655,603.6217829,609.9569092,16072702
12-02-2021,609.2314148,628.5751644,608.7478211,626.3505859,19049709
15-02-2021,633.5079031,654.5925818,630.6063401,651.8361206,27155194
16-02-2021,651.3041452,657.1072708,628.2366858,636.7479248,24966739
17-02-2021,633.3143843,643.1313613,628.0432004,635.7807007,21684753
18-02-2021,628.671866,630.9931395,616.6787175,623.4974365,27845347
19-02-2021,614.6477354,614.6477354,598.6891396,603.5734253,24055811
22-02-2021,601.5907088,608.6511668,587.3730388,589.8393555,27092321
23-02-2021,594.5785079,602.6061523,589.0655274,596.0776367,23534585
24-02-2021,594.9171451,623.8360816,594.9171451,620.0640259,17762047
25-02-2021,621.6114056,627.124386,605.7495073,607.3937378,38571809
26-02-2021,594.8203376,594.8203376,571.5111415,578.1363525,57349273
01-03-2021,587.6148115,591.7737064,580.5060063,588.3885498,21527318
02-03-2021,589.9843018,596.2710198,579.3452406,590.4678955,24051433
03-03-2021,597.7219315,612.9551361,593.7080794,611.3592529,21036174
04-03-2021,598.4473386,610.1986918,595.5941234,600.3817139,25057198
05-03-2021,593.0794683,594.5302497,581.7633612,589.4525146,26645968
08-03-2021,591.5318927,595.7875416,581.4248299,588.0983887,19632433
09-03-2021,594.6752556,607.7322878,592.2089391,604.5889282,23056249
10-03-2021,608.1191742,609.8117524,601.3972089,605.0725098,15838994
12-03-2021,610.7305679,617.0656343,588.3885009,592.7408447,21757862
15-03-2021,591.822092,592.740873,571.2209497,583.6976929,24347946
16-03-2021,586.9377186,587.0828204,574.1708907,575.4282227,17925629
17-03-2021,577.9429531,583.842833,567.7391354,570.1571045,20214082
18-03-2021,575.2347874,581.6666081,556.6164273,559.6146851,22776537
19-03-2021,556.326265,569.5767456,551.2968782,567.4005737,29162618
22-03-2021,567.5939437,567.5939437,550.8132647,554.633667,21755401
23-03-2021,557.1000392,569.9152744,555.4558085,567.1588135,29486417
24-03-2021,560.9688124,561.5007538,546.4609983,548.8789673,24434219
25-03-2021,549.4592117,560.0015794,538.8201489,552.7960205,27170186
26-03-2021,565.3211229,565.3211229,555.4557981,559.5663452,20724410
30-03-2021,562.9031566,573.6389149,562.9031566,572.0430908,28011943
31-03-2021,566.7718717,570.3021297,560.0015593,562.9998169,20119972
01-04-2021,568.2710312,576.5404729,561.1622263,574.8963013,15631940
05-04-2021,572.575,572.575,545.0101563,552.5058594,23260127
06-04-2021,555.8427209,559.518022,545.8807005,547.3314819,23284697
07-04-2021,547.9601653,560.9688513,541.0448088,558.6959839,23984399
08-04-2021,562.9031205,566.6267687,554.4885775,557.7770386,19262565
09-04-2021,555.1173471,560.0016328,546.4610061,547.6216431,23239564
12-04-2021,533.3072407,533.839182,513.7216927,520.8788452,26601702
13-04-2021,523.2484697,545.3003343,520.2018053,542.2053223,25445897
15-04-2021,547.3798091,557.8254229,535.9670077,556.3262939,37614884
16-04-2021,555.7458722,558.7925362,545.5904042,548.3469238,24045008
19-04-2021,531.953161,543.8495562,516.8650586,541.3832397,28526176
20-04-2021,546.6543959,553.8599547,534.4677977,540.7545166,24425842
22-04-2021,533.8875539,561.5490956,528.9549208,560.1950684,34942633
23-04-2021,551.2002486,561.4524138,548.4437285,551.2485962,33749097
26-04-2021,582.2468344,585.6319904,568.7062103,571.7044678,62584522
27-04-2021,573.7839844,582.1985274,571.7045076,579.1035156,24239685
28-04-2021,578.3781101,602.3643477,578.3781101,600.9619141,33292864
29-04-2021,602.1226597,607.8290904,589.0172788,601.0587769,34537860
30-04-2021,590.0811818,596.1261048,578.4749296,580.7962036,23653258
03-05-2021,573.1068686,579.2001373,568.2225841,577.1690674,18010557
04-05-2021,577.0725239,588.0500799,569.6735149,572.1398315,15115127
05-05-2021,575.7667234,584.9550049,565.5145592,583.0206299,17253943
06-05-2021,583.0206329,590.8064808,579.587129,588.2434692,16949763
07-05-2021,591.9188083,594.6269217,583.891163,587.1795654,10941083
10-05-2021,590.9515747,596.7546998,590.9515747,593.1277466,12060808
11-05-2021,586.5026054,592.789325,583.4559407,589.8393555,13818480
12-05-2021,583.4075489,586.7443578,573.7356733,575.2348022,14785569
14-05-2021,572.5750286,582.1985566,571.7045362,577.7011108,12675754
17-05-2021,583.4558208,604.0085538,581.4730984,603.1380615,20453101
18-05-2021,607.3937698,614.6476763,605.4593947,612.4231567,19242627
19-05-2021,606.5233143,613.1969323,602.8963609,604.9274902,13911576
20-05-2021,607.4421191,612.133014,596.4162166,598.3021851,13900762
21-05-2021,601.8807769,622.8204102,601.8807769,621.3696289,23975898
24-05-2021,622.1433804,632.0087051,617.0656459,626.1088257,20323003
25-05-2021,628.7685258,630.6062055,621.4179249,628.9619751,14884778
26-05-2021,628.0431795,635.1036955,622.1917069,631.0898438,14487031
27-05-2021,629.7358551,634.958692,626.8342922,630.8481445,23349546
28-05-2021,636.4578271,638.3438548,618.2747109,621.9500122,14191446
31-05-2021,622.6270361,643.1797732,622.6270361,641.0036011,21786138
01-06-2021,642.7444879,643.083039,627.0760375,628.7686157,14123196
02-06-2021,627.2210905,628.0431763,620.0638794,627.0759888,16025108
03-06-2021,632.0087696,632.2022189,623.5942254,628.9137573,11805702
04-06-2021,631.5734702,633.4111501,618.4197431,621.6114502,15111572
07-06-2021,624.0294066,628.671895,623.1105667,626.9309692,7556341
08-06-2021,626.7375772,626.7375772,616.485412,621.3213501,11912935
09-06-2021,623.2556701,624.4162479,608.1675091,615.2279663,15823094
10-06-2021,614.5993725,621.3213381,610.2953758,619.3869629,10712418
11-06-2021,622.8687702,623.4007115,610.7789261,614.8411255,9015059
14-06-2021,614.8411455,615.2279851,602.8963436,614.3092041,10170497
15-06-2021,615.4698187,624.9966521,615.1313266,624.1261597,11039987
16-06-2021,623.7392268,627.8981211,616.678711,619.0966797,8601339
17-06-2021,612.2780839,616.630428,606.1364664,612.2297363,9720060
18-06-2021,611.8428534,615.7116038,600.3333563,609.7150879,13820690
21-06-2021,602.4127108,612.3263826,596.0292969,610.5371094,13407446
22-06-2021,614.1641207,622.9655041,608.8929365,610.1502686,15270093
23-06-2021,612.9551231,614.1641076,602.9931029,604.2020874,10950633
24-06-2021,606.426579,615.4214112,603.9602626,613.2452393,12815724
25-06-2021,615.2280289,628.6719606,615.2280289,627.7047729,14785922
28-06-2021,629.6390181,631.573393,624.9481827,628.9619751,12093491
29-06-2021,625.0932538,627.462875,615.5664808,619.0966797,12225470
30-06-2021,617.3558839,619.7738531,609.1347886,610.1987305,14276494
01-07-2021,613.1485855,616.4853945,609.3765303,610.1502686,10517081
02-07-2021,611.504321,620.305704,611.504321,619.2418213,10999396
05-07-2021,621.6598351,627.2211638,620.1607061,626.5924683,7358568
06-07-2021,624.0293428,633.5077678,624.0293428,628.9619751,9209891
07-07-2021,629.5423309,633.265979,624.7063937,632.5405884,7741559
08-07-2021,629.1554968,632.5406532,617.1623476,620.8377075,10782941
09-07-2021,618.5164963,620.1123795,613.003515,617.5976563,7069698
12-07-2021,624.803186,628.9137333,621.3213343,625.0449829,6992783
13-07-2021,633.652982,644.4854359,631.573505,643.1314087,19825411
14-07-2021,640.2781583,646.0812836,636.6028574,642.5510254,11648541
15-07-2021,643.2763903,647.6287341,639.4076403,645.5493164,8244429
16-07-2021,645.5493872,645.8395317,636.119308,638.6339722,9212875
19-07-2021,624.4646842,635.3455445,624.3679301,634.3783569,9121737
20-07-2021,627.3662234,629.8808874,618.1295352,620.8377075,13169127
22-07-2021,631.0898271,638.6338776,627.0276279,634.4266357,13123569
23-07-2021,634.4267147,655.6080877,629.3973274,654.4475098,19298083
26-07-2021,657.6875491,665.1832527,641.8256493,654.5441895,31054759
27-07-2021,657.8326095,663.1037342,651.2073396,655.2211914,12598869
28-07-2021,655.6564222,664.4578048,648.063965,662.5717773,18367497
29-07-2021,671.7385869,671.7385869,662.6203788,666.8884888,11043138
30-07-2021,666.403418,667.0339543,657.6732422,662.0383301,14536250
02-08-2021,663.5418296,667.4219077,657.3822295,660.9713135,9348206
03-08-2021,662.5233696,671.1565674,656.3637689,669.7015381,10162609
04-08-2021,673.1935601,695.892041,672.4175563,693.2244873,28730606
05-08-2021,694.0489402,695.0189597,678.0921078,681.3901978,17774554
06-08-2021,683.9122397,684.83377,674.842581,676.7341309,14701949
09-08-2021,676.4916392,685.1247774,673.5330323,681.7781982,8602980
10-08-2021,682.9907339,687.0648278,676.3946129,679.8867188,10843554
11-08-2021,685.0763408,685.9493821,669.3135223,672.7570801,9748084
12-08-2021,672.7085514,681.8752479,672.5145357,680.3231812,8840339
13-08-2021,685.8522827,688.6168738,679.9836765,683.6697388,12787590
16-08-2021,681.3417847,686.1918826,677.7042112,681.5842896,7920846
17-08-2021,678.8196224,681.8267183,670.7684725,680.1776733,8669653
18-08-2021,679.8380998,679.8380998,663.1052645,667.6643677,11069373
20-08-2021,663.3478233,663.8813814,655.1026574,660.2922974,13121808
23-08-2021,669.2650026,669.2650026,653.6476523,662.2323608,10917371
24-08-2021,662.7658955,676.34617,660.0013633,673.630127,9821388
25-08-2021,678.9651675,679.4501773,666.5489297,670.3319702,9535359
26-08-2021,671.3020382,680.5172243,669.31351,677.8496704,10756731
27-08-2021,675.2306449,679.4502658,668.3920183,678.7712402,9135827
30-08-2021,683.3788135,693.5640194,679.8867666,692.2545166,10797869
31-08-2021,692.5939668,698.3171059,688.0833521,697.4925537,19760246
01-09-2021,705.7861806,712.770333,695.6980131,698.3170776,13729351
02-09-2021,700.6450161,706.2226277,695.9889347,703.4096069,8627956
03-09-2021,703.0216647,709.8602906,699.4810697,702.585144,8993813
06-09-2021,703.652185,706.1742121,698.4140559,699.5296021,5329995
07-09-2021,699.2870603,700.7905786,690.3143802,695.4069824,6242711
08-09-2021,695.0189727,701.0815946,693.5639434,699.3355713,7118011
09-09-2021,699.1901151,702.1972114,696.0860406,698.6566162,6243422
13-09-2021,696.3770385,696.3770385,684.0577787,686.1918335,6967906
14-09-2021,691.8664581,692.5939728,685.318826,686.2403564,5241865
15-09-2021,685.9007692,694.5339665,685.1247655,692.9334106,5936741
16-09-2021,698.4140411,707.5322481,691.478378,705.3981934,13557169
17-09-2021,710.9273811,712.3824105,692.5939872,698.5596313,17075003
20-09-2021,688.7138672,698.802094,685.3187988,688.7138672,7943459
21-09-2021,689.8293955,693.0789372,673.5815688,690.5083618,10009615
22-09-2021,693.5639343,693.5639343,681.1961858,682.2631836,9740470
23-09-2021,689.6838504,698.4140257,685.9492991,695.5039673,10412491
24-09-2021,700.9360314,702.8760703,695.0674256,701.2755737,11780868
27-09-2021,702.7791504,709.811792,700.6450956,708.1142578,7712240
28-09-2021,712.09132,713.3523927,685.4157826,695.6495361,13491800
29-09-2021,686.1433161,690.6054416,680.2747096,688.2288818,11453404
30-09-2021,688.3258671,692.4969986,677.8496675,679.8381958,18487517
01-10-2021,672.223554,674.0180665,667.2764779,671.5930176,10935810
04-10-2021,676.1520566,682.2631674,673.2419982,679.2076416,8976533
05-10-2021,672.2235053,678.0436222,671.1079592,676.2005615,7497208
06-10-2021,675.7156065,683.8637945,667.712945,668.8284912,13200810
07-10-2021,676.6370301,683.8151974,672.6599742,681.147644,10041549
08-10-2021,684.8337947,688.7138729,677.3646324,682.3117676,9383924
11-10-2021,680.9537082,697.8320716,679.3046631,691.914917,9337637
12-10-2021,685.3188176,691.6239447,683.2818002,687.355835,7376091
13-10-2021,692.4484461,694.4370336,686.7253661,688.6654053,6357766
14-10-2021,688.956417,707.9202882,687.7923817,705.4952393,8950350
18-10-2021,716.8444969,726.4477148,710.1028487,723.1011353,15345601
19-10-2021,732.3647119,732.3647119,716.6018953,725.0410767,11349799
20-10-2021,724.3620549,734.7412753,719.657484,723.4890137,12762996
21-10-2021,726.4476869,737.069354,715.2924618,732.8497925,12166996
22-10-2021,735.7597629,742.8893822,730.764139,736.5357666,13248928
25-10-2021,776.0156277,841.0069365,774.4636201,816.4654541,96124084
26-10-2021,803.8551542,816.4654074,797.695495,804.5341797,16925115
27-10-2021,803.9036865,823.546582,799.4901095,809.9663086,22898400
28-10-2021,805.2130906,807.0076621,772.3779572,774.7545166,18750423
29-10-2021,774.0755831,784.5032931,760.3983315,778.0041504,15701200
01-11-2021,783.4847683,785.4248074,769.2254697,779.7987061,11406421
02-11-2021,784.7458406,785.7158602,774.0756252,776.9371948,9452457
03-11-2021,781.8357826,781.8357826,757.0517942,762.3869019,11839149
04-11-2021,764.8604317,765.3454414,755.6452457,758.6522827,3149310
08-11-2021,769.2255312,769.2255312,749.9706661,756.7608032,13967995
09-11-2021,760.495334,764.9574003,755.839252,762.9688721,10084357
10-11-2021,759.088778,760.7863122,749.9220815,757.4882813,9507347
11-11-2021,753.4141969,753.7051909,743.1319541,748.3215942,9221059
12-11-2021,749.5340981,756.5182505,748.0790688,753.3171387,15380106
15-11-2021,753.7052343,761.0288705,748.4186156,750.1161499,10934583
16-11-2021,750.1161135,752.4926733,739.1549044,741.1434326,12785837
17-11-2021,738.0878578,748.8065614,733.6257326,738.4758301,11657214
18-11-2021,741.9679932,744.4900204,733.7228269,740.0279541,20644385
22-11-2021,745.266019,747.3515847,718.056982,729.4547119,20403786
23-11-2021,718.735966,735.2262976,709.2782758,729.3091431,24913042
24-11-2021,727.7571681,749.0975983,724.3136106,737.4088745,23186419
25-11-2021,732.2677527,732.3162419,722.9555299,728.5331421,17749726
26-11-2021,716.8444115,719.8029591,697.05599,700.5480957,18987552
29-11-2021,704.9617,705.9317196,689.1988825,696.8620605,15878074
30-11-2021,695.2614811,710.3452726,689.7808472,692.9334106,23965914
01-12-2021,694.9220307,710.7818266,693.5639796,705.8832397,15214913
02-12-2021,702.876122,705.3011709,693.7579741,700.7421265,21924640
03-12-2021,698.8991063,707.6292825,693.6609769,694.8250122,20130259
06-12-2021,697.4440401,705.0101806,686.2888156,688.2773438,20129080
07-12-2021,695.504069,718.7360507,690.6539708,712.624939,30513303
08-12-2021,725.4775761,736.0507527,721.7914548,730.8126831,33432411
09-12-2021,736.2933134,740.1249023,725.9626409,732.3647461,16007459
10-12-2021,733.8198119,737.0208647,728.5331934,735.2748413,7627774
13-12-2021,740.12489,746.6240326,729.9396851,731.3947144,16855546
14-12-2021,728.5331506,741.4343984,723.9255578,735.9053345,17488089
15-12-2021,734.886847,736.7299079,728.3877628,729.6972656,7358740
16-12-2021,735.1777573,735.1777573,716.795877,718.9299316,14123215
17-12-2021,719.7544271,719.7544271,704.2826052,706.4651489,13227787
20-12-2021,696.5710292,698.6081059,677.2676753,688.6654053,16900016
21-12-2021,698.4140569,707.0957435,694.6795054,698.75354,14563335
22-12-2021,704.4767665,712.9159492,698.4626328,710.8303833,9843359
23-12-2021,716.8929569,717.3294776,706.1257633,709.3753052,9994049
24-12-2021,711.897389,711.897389,698.0260617,705.3012085,8800690
27-12-2021,702.2941526,716.601941,694.6309745,713.9343872,7955163
28-12-2021,718.2024204,720.1909484,710.5392431,713.7402954,17833655
29-12-2021,715.8744659,722.6161139,709.95737,713.6434326,7143073
30-12-2021,711.3153619,718.2995149,707.1442894,713.6434326,14326182
31-12-2021,714.4679159,723.8771178,714.4679159,717.960022,6973055
03-01-2022,720.7729799,743.0349393,720.7244907,741.7739258,9653095
04-01-2022,744.9265053,754.6751897,740.7068848,749.6795654,12114437
05-01-2022,749.8251069,771.9900298,748.0790835,764.4238892,19741360
06-01-2022,751.813599,768.740451,750.7950903,761.5137939,13018067
07-01-2022,768.4495089,778.2466828,762.6778806,769.4680176,12250210
10-01-2022,776.258154,788.4318876,775.0456295,786.4433594,10905080
11-01-2022,785.4732723,790.2748805,777.858643,786.3463135,9982061
12-01-2022,794.0579646,800.7026339,787.7043485,799.0535889,13034848
13-01-2022,796.3860136,803.1761502,792.8939671,799.9750977,9372244
14-01-2022,796.3860352,797.3560547,787.2678279,795.4160156,7552844
17-01-2022,795.416025,804.0492226,790.1294067,794.7369995,6722700
18-01-2022,796.3860174,810.93631,793.6699746,798.4230347,10835146
19-01-2022,791.5358949,796.3859923,779.1681465,784.3577271,16416144
20-01-2022,778.925611,788.5773163,771.5534869,785.958252,13567654
21-01-2022,778.925708,787.0253476,771.6505613,780.3807373,12078277
24-01-2022,788.6259191,792.2150033,759.8163257,774.512146,29612316
25-01-2022,765.3454397,780.1867273,762.4838701,777.6162109,19513184
27-01-2022,763.3083984,777.47066,757.6337486,770.8260498,23984679
28-01-2022,779.6532543,781.6902717,755.1602593,757.730835,14072314
31-01-2022,765.2968938,774.7545839,760.4952854,765.1513672,14824509
01-02-2022,778.0041746,788.480374,765.6364252,786.0068359,20031583
02-02-2022,790.565918,794.1550021,784.6002742,789.3533936,11214375
03-02-2022,789.6443413,793.8639615,781.8356963,784.6972656,9755335
04-02-2022,785.5218386,787.6558935,771.9415646,780.9142456,10314067
07-02-2022,774.124056,780.8657034,758.0217559,762.8233643,14659368
08-02-2022,766.3154297,771.8445529,751.0861112,768.7404785,14642455
09-02-2022,773.3480927,780.1382297,770.3895449,778.7316895,8855292
10-02-2022,781.7872286,784.5517605,772.4265168,781.350708,13159771
11-02-2022,772.9599755,773.4935335,764.2783487,767.0913696,13138408
14-02-2022,748.8550435,750.7465933,728.6301609,731.1036987,16170656
15-02-2022,730.3762033,754.6751803,720.9185131,752.7836304,18880659
16-02-2022,752.4441842,754.2386967,737.6028967,741.1434326,10549784
17-02-2022,743.519965,744.2474796,723.9255587,727.854126,16683808
18-02-2022,724.4591054,734.1108121,723.1980917,726.4476929,8945567
21-02-2022,723.8771263,740.0279763,717.8145038,731.8312988,10967164
22-02-2022,716.2624788,736.9723731,715.6319424,728.7756958,13156371
23-02-2022,731.9766842,733.7227666,720.4334877,722.2764893,11624282
24-02-2022,691.5269409,705.3011707,681.2446984,686.1918335,28023104
25-02-2022,703.2157046,717.1354619,698.6566007,708.1627808,16935750
28-02-2022,701.2756466,722.422061,693.9520108,720.4335327,20547432
02-03-2022,695.5040228,703.2156901,686.5313419,693.418457,25252492
03-03-2022,696.0859891,700.3056095,672.660053,677.364624,23190595
04-03-2022,670.2835055,685.3672976,664.4633883,667.421936,18697223
07-03-2022,643.607959,647.0030273,622.8980657,634.1502686,27799873
08-03-2022,624.0134936,649.3795256,623.7224996,645.0629272,26716975
09-03-2022,644.7720214,654.2782013,638.2728784,647.4395752,33728639
10-03-2022,673.1450598,679.9836856,653.4536753,656.3151855,35959638
11-03-2022,654.4237303,664.1724152,650.4951037,657.5762939,20546724
14-03-2022,657.7701546,677.5100856,656.9456617,675.2790527,24648981
15-03-2022,680.4687201,686.8708255,667.373456,676.4431152,27714580
16-03-2022,685.7068669,690.071955,680.2262326,686.7738647,14621688
17-03-2022,696.2799534,703.2641053,694.727946,698.5109863,18329844
21-03-2022,699.3841687,701.2272297,684.3488641,689.4414673,12866839
22-03-2022,687.4043552,699.3840726,678.528653,696.6680298,11761758
23-03-2022,703.2641573,705.0101806,692.8364474,696.7650146,7140403
24-03-2022,681.3902953,691.3329964,677.0736961,683.0878296,17727969
25-03-2022,683.8638065,684.9308043,675.7641666,678.2861938,15263007
28-03-2022,680.9537054,692.0119516,674.7941051,689.0533447,13806166
29-03-2022,692.8849609,695.4555364,684.6882838,693.8549805,11489374
30-03-2022,699.4325767,709.8117976,697.5410268,708.9873047,20154520
31-03-2022,717.7174967,717.7174967,705.9802245,708.4052734,16046383
01-04-2022,703.2642203,716.1654693,701.4211593,714.1769409,12658848
04-04-2022,719.7544866,727.3206271,703.2641547,724.2165527,17192197
05-04-2022,724.4105836,732.8012763,715.8744234,719.5604858,12290391
06-04-2022,710.3453456,722.5676282,710.1513299,719.3665161,13518142
07-04-2022,715.0014181,735.0808355,715.0014181,726.1081543,15087175
08-04-2022,727.3690705,733.3347139,721.3064489,731.6856689,15480705
11-04-2022,729.7457122,742.5014933,729.115235,736.8268433,13216391
12-04-2022,734.3047917,745.8480479,727.7571598,740.9494019,14020000
13-04-2022,746.5270199,749.3885894,737.8938814,739.3973999,16119956
18-04-2022,728.4846289,740.0278844,726.7386057,735.0807495,17651530
19-04-2022,738.96084,754.5781894,734.3047583,743.3259277,31088359
20-04-2022,743.8109743,746.9150486,731.2007202,732.8982544,15984202
21-04-2022,736.2933321,741.2889565,728.6787022,739.4943848,8953098
22-04-2022,734.3048279,736.0993405,723.5376342,725.2351685,14411607
25-04-2022,725.2351047,739.3488767,721.6945099,729.6486816,35417460
26-04-2022,744.9749378,745.5084367,729.1151435,731.1521606,18727514
27-04-2022,726.5445697,727.5145892,710.5877379,714.6133423,21441480
28-04-2022,716.941357,729.3576535,712.6248178,724.750061,18649559
29-04-2022,727.6116239,737.1663517,717.9114286,721.0155029,19560317
02-05-2022,710.0543089,721.5005278,709.1812677,718.7844849,10903446
04-05-2022,723.8286238,724.6046276,699.5296451,702.5366821,12212165
05-05-2022,708.8902343,720.724484,704.7191623,706.9501953,9121547
06-05-2022,694.7765257,701.3241579,689.0048974,697.6865845,12455025
09-05-2022,684.154758,698.4140568,683.3302651,689.0533447,13055889
10-05-2022,683.863803,698.4140967,683.863803,689.9749146,12797419
11-05-2022,696.4740876,698.2201111,685.9493984,692.7880249,13516852
12-05-2022,686.3373046,689.3928898,672.5145264,674.9395752,16685166
13-05-2022,681.3416986,681.3416986,654.7631415,657.0426636,15717043
16-05-2022,656.4122044,670.2349823,655.4906741,662.5233154,9025623
17-05-2022,665.5303767,690.6539063,664.6089055,688.7138672,12765052
18-05-2022,690.9934083,695.504023,684.9307861,686.1433105,11835013
19-05-2022,672.3205351,677.7526802,665.0453884,669.6044922,16661023
20-05-2022,673.9695557,690.5569252,672.9025579,688.2773438,11695528
23-05-2022,688.2773925,704.1857375,686.240375,689.7324219,17438451
24-05-2022,689.7323937,695.8435051,684.882296,686.9193726,13779981
25-05-2022,690.7024263,699.2385868,690.2659057,691.9634399,10457589
26-05-2022,701.3240726,711.0242673,694.0004375,706.6591797,14028733
27-05-2022,711.5578609,718.9785345,709.3268277,717.6204834,8110620
30-05-2022,726.3021362,729.4062106,721.9855374,726.0596313,7628515
31-05-2022,718.7844671,734.0137855,718.2994574,730.2791748,20272212
01-06-2022,725.5745907,732.9467153,721.8885284,730.0852051,10102092
02-06-2022,728.5331693,729.2121949,720.9185396,727.2721558,10949759
03-06-2022,733.4802398,734.3047326,718.978437,721.9854736,8563791
06-06-2022,718.0085052,728.4362157,717.4264579,724.3621216,9107831
07-06-2022,718.7844604,720.6760102,710.3937679,713.2068481,9938912
08-06-2022,714.5163877,718.7844975,704.6707246,707.6292725,9369224
09-06-2022,703.2641481,712.091302,700.4996161,710.7817993,7444368
10-06-2022,703.0216553,706.4652128,696.4740234,698.4140625,7990818
13-06-2022,681.1961909,681.24468,661.6502744,667.3734131,16622521
14-06-2022,661.9413883,673.8241282,660.243854,664.9484253,13348598
15-06-2022,666.8884399,675.4730893,665.5303889,666.6459351,9199591
16-06-2022,679.0136845,679.0621736,656.0242093,658.1582642,13237239
17-06-2022,651.1256526,671.8840956,649.864639,666.2579346,16335613
20-06-2022,665.4333768,667.1794001,657.2851893,665.3848877,10981042
21-06-2022,669.8469941,686.7738472,667.9554441,675.2305908,13319648
22-06-2022,673.4361156,677.9467305,664.5604125,666.0154419,6838249
23-06-2022,669.5074617,684.8337578,666.4033875,678.1891479,14960412
24-06-2022,689.5868869,693.8064481,685.3672666,692.0604248,10856736
27-06-2022,706.9987308,706.9987308,694.6309814,695.8435059,8285225
28-06-2022,689.7323364,695.7949581,685.8037693,689.0048218,8339931
29-06-2022,683.8152682,685.5128023,679.9351901,681.6812134,9570557
30-06-2022,681.6812041,690.5569062,680.1776857,685.9978027,11970404
01-07-2022,682.3602933,685.5613461,673.2905746,682.796814,9884899
04-07-2022,683.7181896,699.4810058,683.7181896,698.5109863,8303732
05-07-2022,701.3726008,710.1998139,696.5709923,697.8805542,11460367
06-07-2022,701.3241604,709.9573584,700.3541408,704.18573,12163533
07-07-2022,713.8859101,721.6945557,711.0243405,719.7545166,10374018
08-07-2022,728.7757133,734.7898467,722.228081,733.0438232,9797700
11-07-2022,732.36477,748.418582,732.36477,746.4300537,12440573
12-07-2022,742.4044794,744.4415561,734.983865,737.1179199,10219829
13-07-2022,741.822427,741.822427,727.4176608,730.6187134,8674121
14-07-2022,727.5146419,736.7298273,726.3506066,729.8427124,7044542
15-07-2022,730.667178,736.2447901,721.8885135,728.6786499,6358018
18-07-2022,736.4872931,749.9705876,735.1292421,748.8550415,8045363
19-07-2022,744.7810018,758.5552913,744.1505246,757.2457886,12825591
20-07-2022,765.830402,765.8788911,756.9062106,759.6222534,8152179
21-07-2022,761.368366,765.2969333,756.7122248,762.4353638,8312338
22-07-2022,765.4424218,779.7987588,765.4424218,776.0641479,12267898
25-07-2022,778.925628,793.2819042,773.2024895,776.8886108,21034148
26-07-2022,777.5676052,778.7316404,767.9159585,772.4265137,7374145
27-07-2022,771.1655031,779.7016629,770.82602,776.5006104,9536564
28-07-2022,782.7573033,791.0509588,781.1567473,790.1779175,11124518
29-07-2022,796.0465708,798.7141246,783.7757998,794.0579834,11095993
01-08-2022,796.0950467,800.2661189,792.7969566,798.7141113,7974903
02-08-2022,795.4160646,797.3561038,787.8499236,793.2335205,11106772
03-08-2022,793.2335173,803.1762181,787.219384,800.0721436,11073975
04-08-2022,799.2960815,805.0677095,784.1152524,795.6585083,11113742
05-08-2022,798.4230433,815.6894381,798.4230433,813.0703735,16056522
08-08-2022,816.3882174,821.9505207,811.0699338,816.7297974,12142951
10-08-2022,821.804166,832.3920124,821.804166,828.2446899,23658553
11-08-2022,839.2716962,845.5658799,837.3687951,838.9301758,22787391
12-08-2022,843.0774785,856.0561462,837.7591354,853.2750244,10792853
16-08-2022,860.1546736,863.1309754,855.2266907,858.0078125,13804836
17-08-2022,860.4961522,864.106774,857.1783302,861.9111328,9058040
18-08-2022,859.2764289,866.2049329,853.9093056,863.7164917,13137856
19-08-2022,863.6188913,865.4730122,843.4189799,849.3716431,10787199
22-08-2022,844.6387624,846.4441031,829.074094,831.6600952,13848023
23-08-2022,824.9268561,847.0296703,822.4384744,843.0287476,13254855
24-08-2022,836.3441891,854.2020605,836.3441891,852.2015991,10494109
25-08-2022,852.2015966,860.1547215,845.7610724,851.2745361,9827829
26-08-2022,853.0310515,856.3000935,846.3465079,849.81073,5976725
29-08-2022,829.5132931,840.1987597,826.5369912,835.1731567,7755134
30-08-2022,839.7108264,869.2300042,838.3446258,865.8633423,12544701
01-09-2022,842.1504294,864.3020227,842.1504294,853.2261963,15877583
02-09-2022,852.9823068,860.0083715,846.0538618,851.3234253,8401284
05-09-2022,850.4938678,864.4972162,850.4938678,861.1305542,8744999
06-09-2022,861.1792732,868.4492971,856.885551,862.3015137,9879326
07-09-2022,857.3247568,861.325739,851.420933,855.0315552,8814960
08-09-2022,864.1068423,879.0371914,864.1068423,877.0855103,12163106
09-09-2022,888.1613233,889.9178244,876.0120962,879.4763184,9936230
12-09-2022,883.1845117,886.9415337,880.9888704,885.2825928,6016978
13-09-2022,891.8695359,891.8695359,883.4284908,888.0149536,10400475
14-09-2022,876.548838,899.9690129,876.3536579,895.9192505,14712947
15-09-2022,897.7733156,914.0210847,893.6259932,895.4312744,16253099
16-09-2022,892.7965194,895.4312411,883.3308544,887.1365967,11966860
19-09-2022,883.0869132,890.4544974,873.7188082,877.4758301,11235656
20-09-2022,887.2342831,900.2129511,885.4289422,894.6018677,12090663
21-09-2022,889.9666406,894.8458436,883.7700765,893.1381226,8917640
22-09-2022,884.1116247,889.6739283,873.6701179,881.5744629,11125669
23-09-2022,879.9154752,883.038177,857.5199217,860.9353638,15927517
26-09-2022,848.9812824,856.6904466,838.4422164,840.2474976,14208640
27-09-2022,844.053328,853.714114,828.0982986,831.9528809,12493809
28-09-2022,823.6094394,842.3943703,823.6094394,828.9765625,11411458
29-09-2022,837.2712304,840.7842327,820.7795005,823.5119019,13803629
30-09-2022,823.5118703,846.1025435,817.2664669,841.1745605,13175031
03-10-2022,838.9301969,840.1499977,825.2684282,827.8543701,8232026
04-10-2022,844.1020481,851.5672519,839.3204058,846.6880493,8975095
06-10-2022,851.9575975,870.157048,851.9575975,864.0580444,12116698
07-10-2022,856.0073651,863.1309894,851.7136428,861.2280884,9705750
10-10-2022,850.9330632,868.3030152,849.6644823,860.4475098,7357588
11-10-2022,861.9111794,861.9111794,844.5412293,849.5667725,11130051
12-10-2022,846.9808543,850.6402565,840.6866705,847.3711548,14557532
13-10-2022,841.5160829,844.5412244,829.9523961,832.977478,11563124
14-10-2022,862.447909,862.447909,847.5663398,849.2252808,8199540
17-10-2022,850.9330396,866.0585695,847.5663774,863.8141479,8936947
18-10-2022,874.4020061,878.9396889,869.6204226,875.2315063,8097552
19-10-2022,878.3053079,878.8908479,864.1556194,870.5473633,5529462
20-10-2022,868.2054069,871.7184093,858.8373012,867.1807861,8107159
21-10-2022,866.5464543,888.0149476,864.3020329,885.2338257,17022807
24-10-2022,902.6525617,910.9472069,895.4313174,903.9211426,4390050
25-10-2022,919.2905834,920.461604,900.6520526,902.7012939,15838120
27-10-2022,903.6771178,911.1423217,898.0172545,902.0670166,16080842
28-10-2022,895.8216144,905.0920995,879.2323252,885.9168091,9854094
31-10-2022,890.5520804,894.8945828,882.7453558,886.7463379,9000840
01-11-2022,898.7491899,898.7491899,877.8173972,886.6487427,9823761
02-11-2022,898.3587855,898.5051854,880.5496955,882.8429565,7690974
03-11-2022,879.2811466,891.7718942,875.3777843,886.6975708,9022366
04-11-2022,884.4043074,891.3328112,878.4517037,883.4284668,7099336
07-11-2022,888.258896,897.8709019,881.6231919,895.3337402,11100219
09-11-2022,897.7733544,899.6274753,883.8676258,888.5028687,11590409
10-11-2022,885.6241373,890.8937005,882.1111349,888.6980591,10009741
11-11-2022,903.5308051,905.5800465,881.6719526,884.6482544,17921457
14-11-2022,883.1357383,884.6482793,869.7179301,873.3285522,12641308
15-11-2022,878.7931823,891.5767291,877.0854614,889.6738281,15176911
16-11-2022,890.5033334,895.9192368,886.1608308,891.5279541,13008311
17-11-2022,890.9424818,900.0177876,888.3564803,897.578186,12584194
18-11-2022,897.5781677,899.725029,888.5516422,898.1148682,10874061
21-11-2022,891.9670624,902.4573486,891.9670624,899.1395264,9245704
22-11-2022,901.4327523,904.1163139,898.1637101,901.3839722,11256509
23-11-2022,904.6042558,909.337059,901.3839937,905.043396,10959704
24-11-2022,905.140921,917.9244684,905.140921,916.1679077,10844395
25-11-2022,917.5828685,920.1200897,905.0921212,907.8244629,9815055
28-11-2022,901.676703,920.9983347,901.6279229,914.7529907,9381474
29-11-2022,910.9959675,926.9509969,910.9959675,923.8770752,13096845
30-11-2022,925.1456773,935.0504834,918.266013,929.87854,20858573
01-12-2022,932.9036213,933.8794619,913.6307692,917.4853516,15920653
02-12-2022,905.823986,911.9229895,903.725905,908.1171875,14228874
05-12-2022,914.3626206,914.3626206,905.9704154,911.0447388,10984608
06-12-2022,902.6525766,907.2878196,897.9685536,900.359375,18220912
07-12-2022,899.724999,910.6544252,898.4076381,899.8713989,15675663
08-12-2022,902.6525404,910.9959655,901.4815198,909.3858643,10136870
09-12-2022,909.4833844,912.215726,902.7012807,907.4341431,9575331
12-12-2022,902.7012999,911.3375247,902.7012999,907.8244629,8493863
13-12-2022,907.0437996,913.289203,905.3848587,910.4104614,10415140
14-12-2022,913.3867458,913.4355259,897.7732971,899.4810181,12319827
15-12-2022,893.8699974,897.6757996,883.1357507,886.8439331,8929748
16-12-2022,883.6236942,891.6255993,877.9150503,880.208252,9157260
19-12-2022,886.0632612,888.600423,879.378777,884.5507202,7015083
20-12-2022,884.1116068,890.4057907,874.0604602,887.722229,6384331
21-12-2022,888.2589176,893.7236013,865.5706234,870.6937866,11341147
22-12-2022,878.7444523,882.0134944,864.9362841,869.1324463,9788367
23-12-2022,861.7160235,868.1566072,854.1532589,857.6663208,11059215
26-12-2022,859.8131424,875.329032,854.1044987,871.6208496,6943159
27-12-2022,876.0121274,880.9401106,866.7416416,878.8908691,4994381
28-12-2022,874.353131,882.1110753,874.157951,877.2318726,8980300
29-12-2022,876.207314,901.0424101,867.8638291,886.1120605,11994220
30-12-2022,886.5511861,886.5511861,867.0831542,869.3275757,9688527
02-01-2023,872.4015346,885.0874629,872.4015346,880.6473999,4315403
03-01-2023,876.7927916,884.0628161,875.0850706,879.5739136,5846855
04-01-2023,877.2807357,885.9657412,873.1821931,877.3782959,12454582
05-01-2023,879.1348737,881.1841153,850.9330548,857.9103394,16547196
06-01-2023,857.7150822,857.7150822,839.7108118,849.0788574,14804613
09-01-2023,853.1286466,857.5199293,841.4673395,852.2503662,16811853
10-01-2023,854.2508914,857.1784132,835.9050403,840.5402832,13470142
11-01-2023,842.0528443,849.8107291,834.1972802,845.3706665,15558460
12-01-2023,844.5900419,848.3470044,834.2949354,839.8572388,16659001
13-01-2023,843.8093564,853.7629422,837.5639529,852.3479614,11223103
16-01-2023,856.0562183,856.2513983,840.2475877,844.3461304,8319812
17-01-2023,846.0050364,846.980877,837.3688111,844.2485352,12624859
18-01-2023,843.565425,850.9330097,837.9055614,848.4934082,11313898
19-01-2023,847.0296465,849.5180282,841.1746029,845.2243652,6694679
20-01-2023,852.3967978,855.3243197,844.6388528,849.322876,8127162
23-01-2023,860.691405,861.9599859,843.7117548,850.6402588,16882379
24-01-2023,857.7639423,860.398724,847.029695,849.7132568,11504090
25-01-2023,852.2015435,855.6169855,827.5127894,834.6364136,14918485
27-01-2023,818.8766838,822.6336464,793.4559879,797.4569702,39718683
30-01-2023,780.6724229,806.2882367,776.7690608,803.6046753,36301441
31-01-2023,806.0442749,818.0471014,794.4317488,811.8017578,27291226
01-02-2023,823.0727676,854.0557067,803.2632153,827.4640503,39237711
02-02-2023,808.3863483,839.8083669,806.1418674,837.173645,16798190
03-02-2023,843.7605305,851.5672546,831.5136843,842.9310303,14914366
06-02-2023,840.6866791,846.8344629,829.1229917,833.0751343,8463833
07-02-2023,834.3437126,835.3195532,826.7321679,832.1480713,9337066
08-02-2023,831.9040806,839.9059851,831.3186001,838.3446045,8082983
09-02-2023,837.7591187,844.0045221,831.025795,840.00354,6299265
10-02-2023,834.8804376,841.0770613,831.4162152,833.2214966,8656405
13-02-2023,832.7823775,838.5398012,828.8301755,830.0988159,9394365
14-02-2023,833.2702896,846.3465176,831.5137289,844.3948364,13402934
15-02-2023,845.4683001,852.1527842,839.8083771,849.7619629,12070288
16-02-2023,854.7876052,856.5928865,843.9557385,848.4446411,10715685
17-02-2023,846.5905434,846.5905434,834.4901551,841.80896,9990618
20-02-2023,841.8088987,845.6146412,829.7084517,831.5137329,9013430
21-02-2023,833.7582293,838.6862124,826.3905852,833.5630493,11704445
22-02-2023,830.6842687,833.4653905,814.5828997,818.9741821,13880984
23-02-2023,816.3394563,824.048621,813.4119345,819.4621582,11743574
24-02-2023,823.5606525,825.1707536,815.3635679,819.4133301,8246139
27-02-2023,813.4119068,837.5639613,813.4119068,835.7098999,14422574
28-02-2023,834.2461053,837.2711872,829.4644628,834.1972656,19600146
01-03-2023,843.1262893,843.1262893,831.269802,835.6123047,11015843
02-03-2023,832.3920183,841.0281836,830.5378974,833.3678589,12327141
03-03-2023,836.0514982,851.9089092,829.3181737,847.5664063,12823098
06-03-2023,850.6890681,855.6658315,844.4436642,846.7857056,13904231
08-03-2023,845.7122342,852.5431181,840.6866316,851.0305176,16144568
09-03-2023,846.2489584,848.7861201,833.5142508,835.270752,10624440
10-03-2023,824.2925756,824.9268363,816.0467105,822.2921143,17273189
13-03-2023,821.1210601,834.6364282,804.0438501,808.3863525,16413159
14-03-2023,807.0201425,814.2901666,798.4815376,810.2891846,15456802
15-03-2023,816.2418838,823.5606883,802.3361552,805.9467773,12914488
16-03-2023,809.6549195,811.2162405,790.7235889,803.9950562,14987868
17-03-2023,811.7041894,818.144773,798.8719214,816.0466919,11104490
20-03-2023,816.7786438,817.5593044,805.0685557,816.2419434,14838651
21-03-2023,822.6335935,833.8557599,818.7790113,831.8065186,18755854
22-03-2023,836.9297092,841.7112924,830.4403454,839.4180908,17431520
23-03-2023,836.295439,846.4929858,832.1968964,834.7828979,17920621
24-03-2023,831.9040788,839.222883,828.6350367,831.8065186,17295696
27-03-2023,834.2949266,835.7099073,823.6582403,828.1959229,17047675
28-03-2023,834.880392,838.1494937,827.7079876,834.0997314,24469018
29-03-2023,836.344131,841.2721139,827.512786,830.4403076,34881515
31-03-2023,841.1258033,859.7155545,837.7591414,856.0561523,25739021
03-04-2023,858.9348738,865.6681379,847.8590477,862.447876,26416933
05-04-2023,865.1802579,866.3024984,852.8846901,863.2285767,21068934
06-04-2023,860.6914189,868.5957041,851.6161132,853.8605347,26042745
10-04-2023,858.7884767,861.4720383,843.5166076,847.46875,30906205
11-04-2023,852.591967,864.2044347,844.1021417,860.5938721,39504022
12-04-2023,862.1064479,870.4498737,859.032526,868.6445923,22686032
13-04-2023,869.5715361,879.8667021,865.0826932,877.2807007,34439635
17-04-2023,895.1385965,895.1385965,871.5720811,879.5251465,29957514
18-04-2023,886.0144218,886.0144218,872.4989947,875.1825562,26699379
19-04-2023,874.2555962,875.2314368,865.8145514,870.3522339,24377956
20-04-2023,870.693789,877.5734534,867.717487,872.7918701,16999919
21-04-2023,872.9381803,878.9396237,861.081753,864.2532349,29578071
24-04-2023,883.1357448,884.5995057,873.3773388,882.8917847,30881665
25-04-2023,884.4043684,893.8700346,881.2816664,891.3816528,41383839
26-04-2023,889.4299557,894.7970792,883.8676522,892.8453979,30371555
27-04-2023,887.5269819,897.6757475,886.5999215,896.163147,25835108
28-04-2023,892.9917224,898.2125054,888.2589192,895.4801636,20381002
02-05-2023,901.6767529,903.4332541,896.5048094,899.8226318,17515017
03-05-2023,897.3341814,901.5302839,889.5274569,900.5544434,18715142
04-05-2023,897.773371,901.5791733,889.771466,899.432312,20485002
05-05-2023,902.6525189,919.6809486,901.139978,904.5554199,19002035
08-05-2023,904.6041593,918.9490268,904.6041593,915.2408447,18623913
09-05-2023,918.2660248,922.1693873,909.2882791,911.8255005,21507610
10-05-2023,912.0206271,918.2660309,905.8240629,913.4356079,25910923
11-05-2023,917.3389011,924.1210049,911.2886777,916.5094604,20027372
12-05-2023,917.046185,925.0968698,912.5085025,921.0959473,13873480
15-05-2023,920.9495639,926.0727271,915.5336605,922.9012451,10453762
16-05-2023,927.0485362,929.1953974,920.2176523,923.4866943,19612293
17-05-2023,924.4138288,925.4872893,913.1916614,916.6558838,19273344
18-05-2023,925.0481596,929.2442625,919.339456,923.6331787,21550141
19-05-2023,928.463568,932.9036309,918.8515022,931.2446899,15427412
22-05-2023,928.0732371,931.1959391,923.2916536,927.3901367,15509525
23-05-2023,929.0002544,935.6847387,922.1693702,930.3664551,16579935
24-05-2023,923.8282619,930.8054861,915.8263575,917.9244385,18049620
25-05-2023,914.3626768,918.8515199,910.4105342,917.1437988,19328582
26-05-2023,917.0950029,929.4394105,912.9476802,927.7316895,10957182
29-05-2023,930.8055913,934.4649938,923.9259265,925.2433472,12108079
30-05-2023,922.5109143,929.2930185,921.8278735,926.9998169,18483624
31-05-2023,926.5606366,929.0002381,917.7780713,926.2191162,27254425
01-06-2023,931.1958438,931.1958438,910.2640521,913.484314,21650700
02-06-2023,920.2176663,921.827827,912.4597217,915.4848633,12494376
05-06-2023,920.217673,928.8050582,920.217673,923.8770752,10751684
06-06-2023,923.633139,924.9017199,915.4360541,919.3394165,11894330
07-06-2023,921.5350543,922.9988153,911.2399478,917.4853516,16486469
08-06-2023,913.9722044,927.5364114,912.6060634,915.2408447,17608140
09-06-2023,918.6563698,921.1935316,913.5819868,915.3872681,12253128
12-06-2023,915.338474,920.7055972,910.7520113,913.3380127,10520125
13-06-2023,913.2892496,923.3891761,911.5326889,920.7543945,13528776
14-06-2023,923.1939744,924.0722547,913.6307485,917.0949707,13489262
15-06-2023,917.9732552,920.1688966,902.0182259,904.2138672,19366819
16-06-2023,906.848728,915.0945936,904.6043063,911.6303711,11249387
19-06-2023,910.9472166,911.3863568,896.5047874,900.84729,19351375
20-06-2023,898.700427,906.1167919,892.6989834,903.18927,15212286
21-06-2023,905.5800643,905.9704243,897.7733396,902.3598022,9210553
22-06-2023,902.0670994,912.9476867,898.4564772,903.3844604,27291569
23-06-2023,903.6771633,909.3858665,896.7974991,901.1887817,8767733
26-06-2023,904.701816,909.2882789,900.8960734,905.043396,11749040
27-06-2023,907.5317104,917.2413358,899.9201661,913.484314,13422726
28-06-2023,921.1935017,921.1935017,911.7278362,914.8017578,25708001
30-06-2023,917.778052,919.4369929,908.1660463,912.0205688,13843218
03-07-2023,914.3626002,922.9012051,913.87468,919.7785034,12350359
04-07-2023,924.3649684,928.3171108,919.2418055,921.8765869,14041699
05-07-2023,919.2906163,941.4422096,918.2659956,934.8552856,13817767
06-07-2023,931.6350338,940.6127793,930.9519335,936.2214966,16334427
07-07-2023,929.9760463,931.9765075,920.9983013,923.5355225,8593807
10-07-2023,923.1452024,929.8785263,918.6075198,925.4872437,12069184
11-07-2023,925.4872675,929.6833703,919.1443035,922.1206055,16977595
12-07-2023,925.4872859,928.1708477,918.5100015,921.5839233,21511161
13-07-2023,924.8041153,936.0750619,919.4369922,932.6108398,23222286
14-07-2023,936.5630337,941.6861969,928.3659486,936.8557739,12871569
17-07-2023,939.6369503,950.2735773,929.8297045,945.296814,16290763
18-07-2023,954.3721097,964.0817356,947.6876253,951.883728,29709508
19-07-2023,956.323812,956.323812,944.1745844,949.9320679,15994261
20-07-2023,952.4692631,974.0353774,948.6146806,971.546936,26487838
21-07-2023,971.254145,977.2555886,964.911181,972.9130859,16903003
24-07-2023,980.6709604,984.3303624,966.1796926,968.0338135,21687719
25-07-2023,974.8647427,974.8647427,964.3744565,970.6686401,29325327
26-07-2023,969.107302,973.6449847,966.0822199,972.3764038,12780537
27-07-2023,978.3289996,982.1835819,963.3498699,966.3261719,25932395
28-07-2023,964.1305412,974.5720479,953.4450744,972.1324463,12584130
31-07-2023,971.9372192,975.255101,964.7159751,974.1816406,14303116
01-08-2023,977.450782,979.4512433,966.5213551,970.5222778,15508569
02-08-2023,961.4469551,970.0831206,953.8841904,963.105896,15787996
03-08-2023,952.957104,959.2512876,936.8557345,941.6861572,30994707
04-08-2023,945.2480024,952.4204069,938.0267583,947.0532837,20582882
07-08-2023,947.4924557,957.7875622,944.808894,952.0789185,16686062
08-08-2023,952.1764341,962.7642804,948.8097722,956.2261963,23784778
09-08-2023,959.22702,959.5713515,948.0600251,957.0133057,19317331
10-08-2023,955.8818683,957.9480378,943.9770282,948.552002,24858441
11-08-2023,947.863307,947.9616703,934.6793843,937.4833984,17162177
14-08-2023,933.6954693,947.3713279,930.7438504,944.0753174,19026691
16-08-2023,939.0576572,944.3213541,931.3342176,941.074585,17930805
17-08-2023,941.5173105,942.3535785,931.1866436,936.3027954,27077611
18-08-2023,932.6132579,939.5987323,930.7438751,935.3189087,13257508
21-08-2023,935.3681036,943.8293876,933.1052076,939.7955322,13358017
22-08-2023,940.9762213,941.5173394,933.9906865,936.6471558,16872719
23-08-2023,938.6148848,952.4382891,934.5317876,951.2576294,14707331
24-08-2023,956.8165288,966.5568959,951.1592588,953.3237915,28389740
25-08-2023,947.420561,956.9148999,944.7149102,954.7504272,10275758
28-08-2023,954.3076494,959.2761962,949.4866476,954.8979492,10481574
29-08-2023,957.6036108,961.4899213,950.0770181,952.1431274,13209913
30-08-2023,954.7996351,960.1617553,939.9923573,943.4359131,13936165
31-08-2023,944.5181103,950.6181351,938.6640538,943.288269,36675400
01-09-2023,941.4681903,957.3577048,937.4342746,953.0778809,16268147
04-09-2023,953.0778374,953.422169,945.059248,951.7495728,9512956
05-09-2023,948.5519518,954.3568266,946.7318107,952.7826538,16623486
06-09-2023,947.0270187,953.8649486,935.4665101,942.0584717,30802100
07-09-2023,941.9600738,953.8649136,939.3036046,950.0770264,13462347
08-09-2023,951.8971485,959.2761962,945.7479421,954.8979492,13086915
11-09-2023,959.226986,966.1632786,953.7172612,962.4737549,7894110
12-09-2023,974.1326719,979.1012788,966.8028658,974.5262451,20959591
13-09-2023,973.8374634,978.8060099,964.7366383,973.8374634,21997553
14-09-2023,976.2972153,976.8875752,966.4093032,971.7714233,11464188
15-09-2023,974.3786548,981.4133711,972.6568769,976.4448242,13307980
18-09-2023,974.1326558,980.1834989,971.3778233,974.2310791,16713222
20-09-2023,965.7205606,979.9375379,964.8351109,971.2302856,25741856
21-09-2023,964.1464093,966.6552736,942.0092656,943.8294067,19742813
22-09-2023,941.0745733,945.4036387,932.1213525,934.9745483,12701888
25-09-2023,934.9745211,945.6987611,926.3164506,940.9269409,8997098
26-09-2023,943.4850896,943.4850896,931.8261577,933.4003906,10521409
27-09-2023,931.0390307,931.2358173,919.3309777,927.890625,15152973
28-09-2023,930.2519986,931.9737765,919.675363,927.3987427,25991282
29-09-2023,931.4326153,940.5826225,928.4809962,936.5487671,10447334
03-10-2023,936.2535565,936.2535565,923.8567803,925.1358032,11131636
04-10-2023,919.9212699,920.4132064,910.0825397,915.0510864,17334739
05-10-2023,920.1180335,928.7269222,919.478492,925.6768799,10478856
06-10-2023,930.7439346,931.2850528,922.87295,929.9568481,6355755
09-10-2023,925.0866715,926.857631,921.2003607,923.4632568,6725306
10-10-2023,925.2342296,942.0584345,925.1849879,935.8600464,11452715
11-10-2023,939.5003896,946.5350458,935.4172925,937.7293701,12233117
12-10-2023,937.4833936,944.6164731,933.1052066,938.8608398,7836818
13-10-2023,934.6301695,941.9600354,929.3172313,935.958374,6650442
16-10-2023,933.2035679,939.4511376,930.8914903,936.0568237,5763024
17-10-2023,939.992289,945.4527721,936.1551603,938.5164795,7747527
18-10-2023,933.8923327,935.3189606,923.9551786,928.5302124,12000153
19-10-2023,920.9051479,929.7600051,918.9374019,920.6591797,8612676
20-10-2023,916.9696758,924.8406601,915.0019297,917.7075806,6586576
23-10-2023,926.8084171,929.5632496,910.4761484,914.9527588,11856890
25-10-2023,911.1155984,918.7406143,896.7018947,901.3260498,12593434
26-10-2023,899.5551236,901.8180196,884.5018778,893.9962769,21693345
27-10-2023,901.2277389,903.34309,896.6035234,898.0301514,8645505
30-10-2023,894.4389499,911.3615781,893.5535002,909.9841919,7687791
31-10-2023,914.3131753,915.9857714,899.3582935,900.5881348,17211107
01-11-2023,899.0631138,902.8018191,894.6356854,899.309082,12927203
02-11-2023,905.212377,909.8857739,898.0792974,905.1140137,9747311
03-11-2023,913.575328,919.4293848,911.8535501,918.7406616,7146961
06-11-2023,925.8245118,932.4656547,922.282593,930.2027588,10338367
07-11-2023,928.3825689,935.1221352,915.4446746,932.8099976,15704942
08-11-2023,933.1543791,933.1543791,919.0357652,920.6591797,17606074
09-11-2023,918.9373869,927.1527024,917.9535139,922.2333374,9406117
10-11-2023,919.8229744,926.2673312,917.3632917,923.4632568,9560455
13-11-2023,925.7261812,925.7261812,916.969687,919.380188,11470096
15-11-2023,929.1697417,929.1697417,923.6108349,925.9229126,19492138
16-11-2023,923.8567704,930.9406682,918.9374053,920.9051514,19706373
17-11-2023,911.6075527,923.2664842,905.3108013,906.9833374,10956653
20-11-2023,907.1309619,911.804359,902.7035332,906.5898438,10562301
21-11-2023,909.4922588,913.0833594,907.1309395,911.1647949,8989572
22-11-2023,908.360772,910.2793364,899.9978512,907.8688354,12197979
23-11-2023,908.1148071,910.4268847,903.6873785,908.1148071,5534614
24-11-2023,906.6390001,915.3954941,905.3599772,914.4116211,7452002
28-11-2023,913.9197164,916.0350074,906.8358183,910.5745239,14231987
29-11-2023,915.8874351,925.9228921,911.0664332,924.4470825,11680078
30-11-2023,923.8076236,925.6769464,913.2309882,919.8721313,23950292
01-12-2023,920.855982,936.6471323,917.9535446,931.4326172,16986046
04-12-2023,948.1584573,978.8060664,945.8955613,975.2149658,33131257
05-12-2023,986.3327788,999.3690973,979.0029122,997.1062012,31378461
06-12-2023,997.6472528,999.8609671,984.1189986,987.0706177,18786590
07-12-2023,980.2818726,986.0375659,972.2141618,982.8891602,11841945
08-12-2023,978.4617345,996.5157807,977.2318933,994.5480347,16116363
11-12-2023,990.858535,1003.550522,988.4480941,1000.697266,11714606
12-12-2023,1000.69721,1004.534339,992.3342898,999.3198242,12380856
13-12-2023,998.4343389,1004.239214,992.9246739,997.5488892,15887040
14-12-2023,1005.764171,1023.227916,1004.780298,1016.980347,16317672
15-12-2023,1026.819128,1026.86825,1009.158535,1020.669922,14306067
18-12-2023,1013.339972,1013.339972,1001.582738,1004.977112,8592711
19-12-2023,1008.961826,1008.961826,996.2698393,999.0739136,10094256
20-12-2023,1005.51826,1005.51826,985.8407988,990.4158325,16490281
21-12-2023,980.4786481,994.597262,973.2472055,988.2020874,18064916
22-12-2023,986.7754794,993.2690175,975.6084844,978.2649536,20881976
26-12-2023,978.8553364,981.4133824,973.9359711,979.052063,14339699
27-12-2023,981.8561498,988.6940797,976.0020929,986.086792,12996468
28-12-2023,991.7440268,995.3843691,982.9875328,989.6779175,24915990
29-12-2023,987.8576981,992.2851267,977.6746363,980.527832,12280140
01-01-2024,975.5592756,988.6447747,975.0181575,983.2827148,7683792
02-01-2024,980.9214292,981.5609707,964.4415557,966.4093018,16263825
03-01-2024,968.8197783,972.0665473,959.3745612,968.1802368,16826752
04-01-2024,970.4923809,973.1980317,966.0649522,971.2302856,22789140
05-01-2024,972.0665334,982.2004134,967.9342548,977.6746216,14875499
08-01-2024,977.9698066,982.1020854,964.4907339,966.1633301,8393164
09-01-2024,970.3447595,978.9536484,959.6697614,963.949585,14660414
10-01-2024,958.587476,978.904478,958.587476,977.0350952,9409181
11-01-2024,979.2488085,982.3972142,970.9350694,975.1657715,6451345
12-01-2024,978.756882,992.4327411,975.7560812,987.3165894,12255743
15-01-2024,987.3165783,995.3351674,983.1351179,993.5641479,12388044
16-01-2024,989.8746621,999.4182428,988.3988525,992.7770996,11505126
17-01-2024,971.9682016,991.5472391,960.9979932,965.9173584,41914771
18-01-2024,958.243126,978.2649176,954.5044206,970.4431152,17902484
19-01-2024,975.3133166,994.5972639,971.6237928,983.0859375,23271148
23-01-2024,1042.019902,1042.315112,1004.731151,1012.45459,50797448
24-01-2024,1012.848036,1019.243211,980.5770733,983.0859375,34578943
25-01-2024,982.298876,998.7295078,972.2141772,993.6625977,28315035
29-01-2024,1003.550464,1015.35694,993.7117337,1000.008545,14078922
30-01-2024,998.5819848,1007.338419,991.744055,1000.500549,16085742
31-01-2024,1000.402097,1022.24409,987.070629,1011.569092,25627447
01-02-2024,1017.275504,1017.275504,1000.992476,1008.617493,13058880
02-02-2024,1020.374674,1033.06666,1005.173884,1007.485962,14774650
05-02-2024,1006.010207,1009.896457,995.7779027,1006.99408,12948430
06-02-2024,1007.043216,1018.210211,1000.30371,1009.84729,12886927
07-02-2024,1011.421466,1014.914263,996.6633704,1005.665833,16410895
08-02-2024,1007.584351,1011.667448,969.3609073,973.3455811,20565502
09-02-2024,972.9028503,997.4013135,969.6068996,994.4005127,12799837
12-02-2024,994.1053209,995.8762803,969.3608905,980.0358887,8050066
13-02-2024,989.776263,1010.486838,984.1681747,1003.353699,18706292
14-02-2024,993.2690157,1018.99726,991.3012696,1006.20697,17878720
15-02-2024,1006.354481,1010.093247,990.3665448,1000.254517,10069878
16-02-2024,1006.698926,1009.650485,1000.500538,1006.748108,7159395
19-02-2024,1006.846447,1029.131195,1006.846447,1026.91748,9388255
20-02-2024,1024.261018,1035.673921,1016.586761,1031.836792,11293528
21-02-2024,1039.756987,1046.840825,1031.098857,1034.985107,15946325
22-02-2024,1038.969988,1048.808719,1023.523228,1045.56189,13432573
23-02-2024,1052.744218,1052.744218,1040.593409,1044.18457,13142759
26-02-2024,1036.116616,1045.16832,1033.558571,1037.198853,7875941
27-02-2024,1033.80462,1049.005411,1029.62316,1043.102173,10580973
28-02-2024,1045.856995,1047.677136,1025.343267,1029.327881,7730332
29-02-2024,1026.228859,1043.594122,1021.752188,1035.231201,20944844
01-03-2024,1037.986009,1072.372323,1037.002136,1069.371582,14909562
04-03-2024,1063.566708,1077.34093,1062.681198,1074.733643,11424581
05-03-2024,1068.682913,1081.768473,1059.139391,1070.503174,9222544
06-03-2024,1062.878109,1095.591888,1062.878109,1079.407104,21796484
07-03-2024,1077.291775,1077.341016,1065.239329,1070.404663,9963926
11-03-2024,1070.404536,1070.404536,1059.385207,1061.303711,13310362
12-03-2024,1059.680489,1077.144235,1038.625582,1059.483643,21785435
13-03-2024,1059.778852,1072.077265,1055.84336,1066.469116,24855870
14-03-2024,1062.582837,1079.407041,1057.712714,1066.124756,14231421
15-03-2024,1054.71193,1068.732121,1052.744184,1062.927246,66192734
18-03-2024,1057.712826,1067.305589,1042.95473,1063.76355,8769440
19-03-2024,1061.057815,1071.191755,1057.909469,1066.469116,16708715
20-03-2024,1062.582947,1072.421678,1050.284533,1067.010376,18725251
21-03-2024,1074.389339,1082.260323,1061.746594,1064.353882,19992607
22-03-2024,1063.714335,1076.061869,1061.303774,1072.716797,17214415
26-03-2024,1063.566735,1071.585325,1059.582002,1066.223145,13367635
27-03-2024,1066.223219,1074.88135,1062.140242,1066.272461,26907245
28-03-2024,1067.502263,1087.228965,1067.502263,1075.668457,22070566
01-04-2024,1078.374097,1085.162725,1076.799804,1081.916016,10848191
02-04-2024,1076.799868,1076.799868,1061.845045,1063.76355,14380396
03-04-2024,1057.663408,1066.173933,1054.957758,1059.827881,15477184
04-04-2024,1067.256291,1068.289406,1046.299747,1061.451416,21419689
05-04-2024,1052.744178,1068.486147,1050.235253,1065.928101,15340637
08-04-2024,1060.959423,1074.143345,1058.942556,1069.617554,8023461
09-04-2024,1074.340077,1097.264366,1070.749036,1089.196655,12298463
10-04-2024,1093.03372,1098.543505,1087.327329,1091.508789,10598000
12-04-2024,1085.703846,1093.919161,1078.128072,1086.589355,12216657
15-04-2024,1082.457075,1088.311191,1059.237695,1060.959473,10526597
16-04-2024,1053.285353,1057.269966,1045.561853,1049.841797,11278092
18-04-2024,1056.679727,1060.664462,1033.509467,1038.428833,16564216
19-04-2024,1035.969141,1054.711971,1031.19738,1050.038574,11284433
22-04-2024,1061.402353,1071.1426,1053.088553,1069.125732,10346714
23-04-2024,1082.260365,1082.260365,1065.239313,1072.667603,9848215
24-04-2024,1074.635316,1080.686159,1071.437728,1079.062744,5461309
25-04-2024,1072.42159,1107.496687,1072.372348,1095.788574,19905338
26-04-2024,1094.214419,1101.937799,1084.965989,1090.032959,14190059
29-04-2024,1090.131306,1144.687017,1090.032942,1141.440308,28578063
30-04-2024,1141.243449,1150.688726,1128.256374,1131.847534,29568491
02-05-2024,1124.566894,1136.865307,1114.974132,1121.074097,25118334
03-05-2024,1122.894419,1138.734752,1117.138666,1123.632324,19933604
06-05-2024,1123.140324,1139.767682,1119.74589,1127.813721,14970524
07-05-2024,1129.436964,1134.159602,1108.136209,1113.645874,15097728
08-05-2024,1108.382324,1113.744385,1098.051656,1104.889526,19913090
09-05-2024,1102.479034,1110.645108,1092.099125,1097.707153,12229853
10-05-2024,1099.970032,1110.694272,1094.116035,1099.0354,8573656
13-05-2024,1094.460442,1112.416126,1088.852293,1109.808838,9707983
14-05-2024,1107.742701,1109.710447,1100.511258,1102.479004,8944262
15-05-2024,1104.003937,1109.612085,1095.542653,1106.217651,10743423
16-05-2024,1114.728197,1118.220994,1094.854009,1112.809692,14265565
17-05-2024,1112.809611,1125.550718,1102.528066,1112.268433,8641784
21-05-2024,1104.102278,1115.515301,1098.248281,1102.872437,10452900
22-05-2024,1106.857133,1107.742643,1080.390925,1093.181274,17527411
23-05-2024,1097.559633,1118.663662,1093.476536,1116.203979,13787687
24-05-2024,1111.776564,1116.695929,1106.020931,1113.695068,6312670
27-05-2024,1113.645943,1129.289549,1103.462881,1111.579834,11599857
28-05-2024,1114.236178,1116.892587,1106.85713,1108.775635,9311718
29-05-2024,1097.067741,1105.430663,1080.784594,1084.228149,19268547
30-05-2024,1079.308748,1102.921701,1079.210385,1095.73938,15255387
31-05-2024,1099.970086,1112.366863,1093.328943,1102.970947,26197718
03-06-2024,1151.131455,1154.083074,1117.974982,1141.292725,25699977
04-06-2024,1139.226545,1140.702355,1036.559424,1054.170654,43476837
05-06-2024,1067.502253,1105.135396,1034.099811,1090.770874,42172104
06-06-2024,1099.970087,1099.970087,1078.915179,1092.492676,18574162
07-06-2024,1092.492658,1110.10401,1085.802273,1103.610352,17197635
10-06-2024,1098.002256,1114.924824,1097.116747,1105.676514,10851455
11-06-2024,1101.691921,1110.84199,1093.083032,1100.16687,12250002
12-06-2024,1102.921685,1115.121735,1094.066828,1101.495117,16096514
13-06-2024,1104.102189,1105.086062,1087.179622,1089.491699,12494254
14-06-2024,1096.034529,1096.034529,1081.719129,1087.819214,11377979
18-06-2024,1095.985327,1116.745144,1083.440946,1104.741821,18306176
19-06-2024,1109.759504,1146.753225,1107.988604,1125.993408,34309514
20-06-2024,1135.438636,1141.292633,1117.187745,1138.144287,15475933
21-06-2024,1144.785479,1151.033049,1132.093494,1139.964478,69259425
24-06-2024,1136.028947,1156.690279,1134.061201,1151.229736,12210295
25-06-2024,1151.377381,1186.550841,1148.819335,1178.630615,27309845
26-06-2024,1182.615452,1203.129182,1174.596863,1198.357422,25403461
27-06-2024,1208.540363,1215.083143,1189.600808,1200.226685,20516632
28-06-2024,1207.212297,1207.212297,1177.056563,1180.25415,12507092
01-07-2024,1180.254074,1195.750074,1172.825904,1192.306519,8636894
02-07-2024,1197.373441,1197.373441,1166.430683,1171.39917,16153925
03-07-2024,1177.548405,1196.241992,1160.42899,1182.221802,22330897
04-07-2024,1209.179986,1215.033983,1194.7171,1213.115479,15275791
05-07-2024,1205.244476,1222.560617,1201.161378,1213.509033,9535575
08-07-2024,1209.081603,1219.510633,1197.275127,1215.132446,6617190
09-07-2024,1215.033948,1230.038011,1209.475161,1228.119507,13366874
10-07-2024,1232.546914,1232.546914,1216.411373,1223.150879,18226503
11-07-2024,1226.25016,1237.515579,1205.293736,1218.477539,11307116
12-07-2024,1215.968709,1232.694551,1210.262197,1213.01709,12208290
15-07-2024,1213.213848,1218.477545,1204.309869,1210.114624,15612671
16-07-2024,1210.163808,1224.921903,1209.179935,1219.904175,12320605
18-07-2024,1214.984927,1236.18732,1211.836461,1230.136597,10999632
19-07-2024,1223.938028,1230.333203,1220.248504,1228.513062,7958817
22-07-2024,1220.002677,1225.217253,1213.017202,1221.134155,9958965
23-07-2024,1221.134105,1228.513153,1192.946117,1206.966309,19369832
24-07-2024,1205.244479,1213.755005,1182.664641,1203.276733,20122521
25-07-2024,1186.058954,1198.603335,1171.399222,1178.581543,14154461
26-07-2024,1170.808878,1200.325068,1166.824144,1187.731445,19309265
29-07-2024,1195.553383,1222.708256,1184.73078,1193.142822,28458261
30-07-2024,1193.437988,1211.000097,1184.976704,1189.94519,23972277
31-07-2024,1199.341228,1204.900135,1191.470244,1195.307373,22297629
01-08-2024,1192.946036,1202.932371,1187.436371,1190.584717,8725046
02-08-2024,1177.695991,1182.271024,1170.907243,1177.253296,10735395
05-08-2024,1162.937883,1169.726631,1148.179788,1153.689453,14306771
06-08-2024,1156.050816,1168.545955,1142.76853,1148.032227,13575619
07-08-2024,1159.937045,1160.773433,1142.866872,1153.54187,15753644
08-08-2024,1148.130559,1155.460485,1140.210453,1145.818481,10806438
09-08-2024,1157.57581,1161.904755,1150.147521,1152.705566,8687307
12-08-2024,1162.03368,1169.228167,1147.148535,1163.819946,10860455
13-08-2024,1174.1402,1180.143924,1154.690301,1159.403931,13117927
14-08-2024,1158.06426,1161.090954,1144.171458,1152.755249,13431801
16-08-2024,1161.041264,1183.865152,1156.724596,1178.15918,10961370
19-08-2024,1181.880473,1186.594102,1164.316051,1166.896118,6686394
20-08-2024,1165.209144,1180.689793,1161.041352,1170.418945,10427061
21-08-2024,1167.987688,1169.625078,1156.178782,1165.854126,17234142
22-08-2024,1172.949439,1183.468251,1167.590763,1181.979736,8564142
23-08-2024,1183.865189,1195.773305,1179.449311,1194.28479,7518309
26-08-2024,1196.319108,1205.647035,1191.853564,1204.009766,10920226
27-08-2024,1204.009835,1223.062773,1199.643502,1216.959839,16295325
28-08-2024,1213.288241,1217.009527,1207.97923,1214.479004,12291305
29-08-2024,1209.616461,1225.543614,1207.68144,1212.543945,10806748
30-08-2024,1220.581887,1226.089439,1209.566904,1219.787964,21211148
02-09-2024,1229.512979,1229.711399,1213.13932,1220.532227,12516759
03-09-2024,1217.80333,1241.371477,1211.05547,1238.146362,19114907
04-09-2024,1230.356501,1234.176998,1223.360556,1226.883301,13505843
05-09-2024,1228.52068,1235.318205,1221.87203,1226.486328,9142811
06-09-2024,1216.562802,1224.452001,1195.773265,1198.89917,10170479
09-09-2024,1193.689394,1228.818359,1191.258081,1225.543579,13863250
10-09-2024,1227.478633,1231.844966,1217.604868,1227.82605,15545130
11-09-2024,1222.070461,1229.810785,1217.009536,1226.883301,11993242
12-09-2024,1228.5207,1247.375218,1216.959879,1242.562378,15376442
13-09-2024,1242.413391,1246.333097,1232.539627,1240.776001,9877288
16-09-2024,1241.421058,1255.909241,1235.169249,1253.180298,8973335
17-09-2024,1250.302517,1262.508384,1248.764458,1258.390137,11513121
18-09-2024,1252.336893,1285.431509,1252.336893,1278.485107,12466597
19-09-2024,1278.485101,1290.045922,1275.508072,1282.107178,13172268
20-09-2024,1285.084162,1351.918438,1281.660627,1328.201416,73257767
23-09-2024,1320.808495,1321.602418,1298.480778,1311.778198,11380409
24-09-2024,1310.885065,1321.205456,1305.377513,1308.503418,13886037
25-09-2024,1300.713588,1317.583419,1300.068541,1313.713257,8728019
26-09-2024,1309.892782,1323.140537,1306.816543,1318.873535,11100869
27-09-2024,1322.793216,1322.793216,1293.866394,1296.595337,17117379
30-09-2024,1282.206413,1286.870498,1261.168789,1263.252686,12622212
01-10-2024,1260.077214,1270.44715,1257.893987,1264.641968,10972413
03-10-2024,1244.001159,1256.058151,1238.592938,1246.730103,17648551
04-10-2024,1237.550899,1254.718481,1226.734336,1230.257202,13488887
07-10-2024,1232.043474,1253.279517,1215.62015,1224.452026,20667247
08-10-2024,1231.497681,1238.245662,1220.333822,1227.131348,12219259
09-10-2024,1233.531982,1255.413072,1223.211591,1234.623535,14765997
10-10-2024,1237.20363,1245.092709,1228.520629,1233.978516,9118195
11-10-2024,1227.5283,1231.299252,1212.643155,1213.635498,8472512
14-10-2024,1211.650794,1228.421415,1208.078384,1222.318481,11833929
15-10-2024,1229.463272,1248.665205,1225.940527,1245.886597,11657338
16-10-2024,1238.940236,1245.3408,1232.093045,1233.631226,7869727
17-10-2024,1239.882983,1247.325556,1215.024862,1221.822388,8459497
18-10-2024,1218.547563,1259.184083,1215.868285,1254.817749,11018126
21-10-2024,1254.817767,1262.607636,1240.97463,1249.409546,7742775
22-10-2024,1256.901667,1275.061593,1250.104141,1257.7948,20090801
23-10-2024,1251.344528,1258.241263,1233.532019,1242.016479,14055447
24-10-2024,1240.676857,1250.798708,1231.54735,1243.157715,12223031
25-10-2024,1237.699872,1259.184123,1224.749746,1245.837036,13546055
28-10-2024,1275.656986,1297.786285,1270.794481,1282.950684,24096412
29-10-2024,1291.385517,1325.125178,1289.301621,1321.651978,20656117
30-10-2024,1313.862146,1320.709337,1295.60301,1302.102905,15055031
31-10-2024,1297.240369,1308.850734,1278.683604,1282.355225,23497314
01-11-2024,1280.07276,1286.274904,1276.401139,1281.908691,1007022
04-11-2024,1280.221659,1281.908715,1260.325255,1267.42041,14309121
05-11-2024,1263.252638,1291.335993,1253.428418,1286.771118,16431920
06-11-2024,1290.294034,1304.931093,1282.801795,1292.37793,12037405
07-11-2024,1287.217736,1292.824499,1265.485401,1268.908936,9909035
08-11-2024,1260.275586,1265.237301,1243.108004,1249.210938,11195808
11-11-2024,1252.336902,1266.130494,1237.104461,1259.581055,8387780
12-11-2024,1266.378524,1285.084165,1254.817704,1260.870972,13486168
13-11-2024,1260.870962,1266.477724,1240.428721,1244.100342,12260404
14-11-2024,1244.14999,1257.993126,1233.531969,1247.325439,9506892
18-11-2024,1250.35219,1252.932258,1239.833378,1243.852295,6195554
19-11-2024,1247.424844,1251.344551,1231.348815,1239.535645,11537317
21-11-2024,1238.989923,1247.275963,1223.112435,1240.974609,9593870
22-11-2024,1248.367512,1271.588363,1246.382826,1268.264038,11604338
25-11-2024,1286.076598,1301.160164,1280.122539,1290.988647,22717581
26-11-2024,1300.56477,1304.186847,1292.47715,1294.958008,7646955
27-11-2024,1288.557372,1300.812784,1287.912325,1290.740479,21938082
28-11-2024,1291.087881,1300.465473,1272.48145,1276.500366,22803745
29-11-2024,1273.27531,1293.271046,1273.27531,1290.145142,11397228
02-12-2024,1289.946649,1300.515126,1279.278962,1294.660278,9626400
03-12-2024,1293.965593,1302.747925,1286.175725,1298.381592,11509276
04-12-2024,1292.625937,1309.892729,1291.732804,1305.973022,11570281
05-12-2024,1306.171533,1332.617499,1298.580084,1326.266479,19210697
06-12-2024,1332.220522,1336.785276,1316.541454,1318.575806,8942672
09-12-2024,1311.97663,1318.873486,1310.140819,1312.175171,8000764
10-12-2024,1308.900416,1321.800875,1305.17913,1320.262695,8218214
11-12-2024,1314.556718,1321.056613,1305.923383,1317.335327,8138066
12-12-2024,1311.430907,1328.499158,1311.430907,1319.071899,9076896
13-12-2024,1315.201818,1336.834945,1303.442577,1334.602173,13536684
16-12-2024,1334.602084,1340.109514,1329.789244,1335.792847,9071006
17-12-2024,1331.724305,1337.777573,1315.896483,1323.537476,9879257
18-12-2024,1315.10263,1324.728309,1297.438875,1304.087646,8510595
19-12-2024,1276.153132,1293.022963,1274.614952,1277.046265,11517304
20-12-2024,1274.118791,1287.813173,1262.657301,1278.53479,58491181
23-12-2024,1284.736922,1296.992334,1277.195139,1286.870483,6827512
24-12-2024,1286.870511,1294.511504,1280.370615,1287.317017,7138516
26-12-2024,1296.992272,1302.698244,1279.328518,1287.416138,7338444
27-12-2024,1288.607121,1305.873793,1288.607121,1297.538208,4756066
30-12-2024,1294.957999,1316.34304,1279.576682,1284.736938,14207425
31-12-2024,1277.046227,1280.0728,1270.298246,1271.836426,8449607
01-01-2025,1271.836481,1283.09955,1257.397841,1273.821167,4705399
02-01-2025,1275.260009,1283.496504,1268.611359,1280.717896,7433222
03-01-2025,1276.351482,1278.137748,1252.584917,1255.363525,11194997
06-01-2025,1258.340604,1267.966283,1247.375165,1254.420776,7504047
07-01-2025,1256.80246,1279.080513,1256.80246,1269.454834,7539758
08-01-2025,1270.744897,1275.160775,1242.760752,1254.073486,7566309
09-01-2025,1248.367553,1255.065869,1238.543333,1252.733887,8684920
10-01-2025,1249.35987,1255.264263,1233.581592,1240.279907,7854524
13-01-2025,1225.444453,1234.425085,1215.521023,1220.333862,9669336
14-01-2025,1223.906244,1235.318189,1218.051396,1230.803101,10342698
15-01-2025,1224.551219,1234.87161,1220.581847,1228.768677,5355382
16-01-2025,1235.566272,1245.886664,1230.158051,1239.535645,11895924
17-01-2025,1233.829614,1239.436376,1208.673744,1216.06665,9790533
20-01-2025,1214.528646,1232.241944,1205.944854,1223.509277,7676418
21-01-2025,1227.47861,1229.463296,1183.567433,1186.991089,20520898
22-01-2025,1191.803894,1198.254123,1182.674387,1191.258057,10377123
23-01-2025,1188.082674,1198.651152,1176.918815,1192.548218,8770650
24-01-2025,1193.887894,1208.673829,1192.796341,1199.941162,9216792
27-01-2025,1185.849952,1225.196379,1183.964476,1218.547607,16164687
28-01-2025,1237.799045,1254.321581,1226.535976,1237.352539,18066499
29-01-2025,1242.413458,1246.18441,1233.532036,1242.066162,7666777
30-01-2025,1240.428743,1250.203298,1230.009142,1245.98584,11921041
31-01-2025,1244.894332,1246.382847,1229.612225,1243.207397,10195417
01-02-2025,1241.569946,1251.691796,1224.352819,1245.936279,3011914
03-02-2025,1237.302828,1250.352163,1228.322197,1243.405762,6176831
04-02-2025,1253.130824,1270.695248,1250.352216,1258.48938,14839077
05-02-2025,1260.474022,1267.96626,1255.462762,1257.993164,6840709
06-02-2025,1265.237294,1269.206666,1253.527599,1262.657227,8396554
07-02-2025,1262.260357,1265.237386,1239.982304,1247.276001,7382039
10-02-2025,1247.573575,1255.313898,1239.783706,1252.932251,5740361
11-02-2025,1246.233954,1252.188012,1238.841047,1243.157715,6586627
12-02-2025,1247.573521,1260.027473,1235.119689,1242.214966,8809352
13-02-2025,1242.959234,1256.306199,1236.360129,1239.337158,7263785
14-02-2025,1242.512672,1253.825407,1234.921224,1250.451416,10368438
17-02-2025,1241.569946,1248.516347,1223.806983,1241.569946,8386151
18-02-2025,1243.306536,1247.9705,1227.577925,1233.531982,8135042
19-02-2025,1225.394782,1254.768112,1220.830028,1251.989624,10683412
20-02-2025,1245.737827,1254.321619,1237.203701,1240.37915,8398849
21-02-2025,1231.596897,1235.169308,1215.173693,1223.509277,7786428
24-02-2025,1217.307158,1222.467415,1200.983164,1209.021118,11522480
25-02-2025,1217.207925,1222.219306,1211.650829,1214.776733,11059417
27-02-2025,1215.769121,1225.3948,1209.120349,1213.089722,12008162
28-02-2025,1206.689156,1215.620243,1190.910877,1194.880249,20215075
03-03-2025,1201.231235,1207.681464,1194.929881,1196.964111,8158881
04-03-2025,1197.906843,1207.334102,1197.01371,1201.131958,9574490
05-03-2025,1207.681452,1216.562873,1202.025145,1206.391357,9052846
06-03-2025,1218.54761,1218.54761,1199.742758,1208.723511,11949475
07-03-2025,1201.826588,1208.524903,1197.063414,1205.250244,6620284
10-03-2025,1198.750326,1216.41408,1198.750326,1205.547852,7363437
11-03-2025,1207.879868,1238.444081,1207.879868,1235.864014,10927950
12-03-2025,1237.402078,1242.363793,1225.841379,1234.425049,11548372
13-03-2025,1241.470737,1245.985824,1235.764764,1240.478394,8132940
17-03-2025,1247.424874,1264.195375,1245.142437,1259.283325,11164812
18-03-2025,1259.283325,1259.283325,1259.283325,1259.283325,0
19-03-2025,1295.60296,1308.205788,1292.179425,1303.045532,11278014
20-03-2025,1309.892777,1314.110235,1301.011356,1311.579712,10886735
21-03-2025,1305.923446,1338.670766,1301.557112,1332.815918,60494318
24-03-2025,1345.567505,1362.487002,1334.751063,1347.750732,9352280
25-03-2025,1348.594151,1353.357446,1319.86587,1333.411255,16419207
26-03-2025,1333.75864,1347.601776,1321.304687,1325.671021,10859639
27-03-2025,1322.942083,1341.151552,1322.942083,1326.415283,15109614
28-03-2025,1325.770223,1347.552103,1317.037556,1338.025635,8266544
01-04-2025,1329.739655,1341.995067,1305.328041,1308.354614,14288024
02-04-2025,1312.026343,1327.70529,1312.026343,1321.056641,8042214
03-04-2025,1311.827847,1322.793286,1311.133255,1319.369751,4591008
04-04-2025,1319.369711,1328.300798,1311.976683,1325.075684,8648542
07-04-2025,1285.332277,1314.854481,1255.313901,1277.691284,19185012
08-04-2025,1289.89699,1300.018961,1277.492703,1289.946655,13085762
09-04-2025,1294.95797,1295.106846,1274.664604,1290.839844,13005622
11-04-2025,1295.106795,1314.854444,1295.106795,1301.606689,13064247
15-04-2025,1340.655373,1343.930153,1325.968648,1339.86145,15202603
16-04-2025,1346.60942,1349.288697,1332.617408,1346.014038,14039073
17-04-2025,1351.57115,1398.11206,1349.685674,1395.928833,17490424
21-04-2025,1425.004588,1425.004588,1393.944203,1399.005249,16882426
22-04-2025,1401.98231,1407.936368,1388.188717,1405.653931,16135274
23-04-2025,1418.058162,1418.951295,1400.493739,1413.493408,13990764
24-04-2025,1405.455434,1410.317818,1388.089432,1391.959473,15678099
25-04-2025,1399.203592,1403.966887,1377.769008,1394.043457,11705093
28-04-2025,1394.837311,1424.012219,1393.051166,1417.859741,10948561
29-04-2025,1417.859708,1427.286966,1411.707109,1418.852051,10786910
30-04-2025,1422.027544,1422.722136,1389.280225,1416.073486,14192027
02-05-2025,1415.974209,1435.523317,1413.691772,1419.149658,8842434
05-05-2025,1428.973889,1435.72187,1415.081088,1418.455078,4565705
06-05-2025,1418.058116,1422.72208,1409.523991,1420.638184,6301690
07-05-2025,1414.088788,1430.958619,1410.119416,1424.40918,10480453
08-05-2025,1427.584662,1437.805844,1415.180374,1424.508423,15306490
09-05-2025,1404.363808,1409.027893,1376.379783,1378.265259,13491197
12-05-2025,1398.608227,1441.874357,1393.249551,1437.408813,9925445
13-05-2025,1429.073133,1436.813456,1416.470425,1419.645874,12475424
14-05-2025,1418.951283,1429.668515,1406.447785,1415.279541,8026837
15-05-2025,1414.981919,1445.347591,1404.661528,1439.691284,18209264
16-05-2025,1442.172108,1447.530663,1435.920298,1442.866699,6439208
19-05-2025,1435.424172,1448.523051,1432.744894,1437.905029,6005334
20-05-2025,1439.095738,1447.828404,1424.508344,1427.187622,11352383
21-05-2025,1431.851795,1440.1875,1427.485461,1433.637939,5510460
22-05-2025,1430.065518,1434.233432,1416.867429,1431.057861,7245933
23-05-2025,1431.157071,1440.683661,1423.416868,1438.698975,5203706
26-05-2025,1446.83607,1460.331911,1443.859041,1449.416138,5608725
27-05-2025,1441.378219,1451.797821,1424.706808,1435.324951,14842959
28-05-2025,1436.515736,1446.836127,1431.45481,1442.668335,8618343
29-05-2025,1445.446744,1451.698553,1433.93559,1445.347534,15545514
30-05-2025,1448.721627,1449.71397,1433.2411,1434.729614,11803975
02-06-2025,1430.958639,1448.820813,1421.829132,1439.393555,9458990
03-06-2025,1443.759846,1443.859056,1421.035167,1426.890015,11167345
04-06-2025,1426.393866,1429.073144,1415.478093,1420.042847,8025388
05-06-2025,1419.943623,1447.828437,1416.371212,1443.660645,11385668
06-06-2025,1437.508088,1450.210127,1431.057858,1448.523071,11580994
09-06-2025,1453.782554,1455.56882,1422.424538,1423.813843,11022031
10-06-2025,1427.981581,1430.660859,1405.653863,1412.004883,12905272
11-06-2025,1410.913339,1423.516047,1407.737769,1420.042847,7136877
12-06-2025,1419.546698,1425.500756,1409.127096,1414.287231,7953247
13-06-2025,1392.85267,1410.615635,1392.85267,1405.256958,7573103
16-06-2025,1405.753062,1418.058139,1403.371414,1415.974243,5451137
17-06-2025,1415.974232,1418.852051,1406.943935,1412.30249,6970098
18-06-2025,1406.150025,1421.03517,1399.402044,1401.783691,6751745
19-06-2025,1397.218994,1403.867644,1393.944213,1400.493774,8849883
20-06-2025,1400.493782,1422.325329,1399.402108,1416.172729,12408178
23-06-2025,1406.150079,1412.302558,1401.089154,1409.226318,5514384
24-06-2025,1416.768089,1424.905375,1405.653896,1413.195679,11188438
25-06-2025,1411.111739,1417.958929,1404.463089,1414.88269,7527388
26-06-2025,1413.890378,1436.416516,1410.814018,1428.080811,13617435
27-06-2025,1427.882387,1454.774858,1426.096121,1451.003906,22532899
30-06-2025,1450.607103,1450.706313,1431.256414,1434.729614,6325073
01-07-2025,1434.630207,1436.515683,1418.653509,1421.035156,7761449
02-07-2025,1421.233644,1439.889742,1411.707175,1416.867432,13372280
03-07-2025,1421.134412,1435.027214,1412.798706,1414.981934,10177738
04-07-2025,1416.073495,1433.340288,1410.218647,1431.752563,5066503
07-07-2025,1425.996881,1429.867043,1418.653519,1424.706787,5177477
08-07-2025,1421.035188,1433.935647,1419.050502,1430.958618,5315847
09-07-2025,1425.203038,1427.683895,1415.676569,1420.936035,8827347
10-07-2025,1425.798508,1427.981614,1411.210993,1413.195679,7795964
11-07-2025,1411.111783,1417.065841,1403.768421,1411.012573,7158015
14-07-2025,1413.989602,1413.989602,1405.256935,1412.104126,5846154
15-07-2025,1410.218682,1422.821512,1408.134786,1419.844482,6041457
16-07-2025,1415.081188,1418.256637,1408.233997,1415.478149,5649093
17-07-2025,1410.119474,1412.30258,1398.707529,1407.837036,12927394
18-07-2025,1404.95926,1418.05814,1397.715108,1414.88269,11297246
21-07-2025,1436.912662,1456.461771,1425.996889,1454.576416,13867136
22-07-2025,1462.812822,1470.652356,1458.446488,1462.31665,8930165
23-07-2025,1471.545476,1478.591087,1461.324294,1477.201782,11974174
24-07-2025,1476.308628,1477.300971,1466.78216,1472.041626,6700578
25-07-2025,1488.514473,1488.514473,1462.316594,1465.789795,8696077
28-07-2025,1465.789893,1482.362095,1465.789893,1477.003418,7507479
29-07-2025,1468.568502,1478.392722,1464.102958,1474.82019,9776027
30-07-2025,1476.308662,1477.102585,1465.988391,1471.049316,7238625
31-07-2025,1458.645062,1483.056676,1452.790214,1470.057007,12406146
01-08-2025,1469.064576,1473.728539,1458.545764,1460.331909,4416771
04-08-2025,1465.492177,1467.476863,1450.110861,1451.996216,6140054
05-08-2025,1441.874335,1450.309251,1429.96622,1433.34021,14799343
06-08-2025,1431.256413,1442.866779,1430.561701,1432.546387,7805252
07-08-2025,1430.06553,1436.813511,1418.157414,1429.271729,7432535
08-08-2025,1434.828826,1436.515761,1421.035233,1424.905396,5415511
11-08-2025,1416.96664,1427.386241,1409.524067,1425.599976,8492484
12-08-2025,1431,1433.800049,1420.099976,1422,5913947
13-08-2025,1424.599976,1427.699951,1415.199951,1420.800049,9009465
14-08-2025,1412,1431.099976,1412,1427.300049,7577793
18-08-2025,1450,1452.400024,1431,1434.599976,6908844
19-08-2025,1431.099976,1438.5,1426.300049,1436.300049,6709554
20-08-2025,1432.599976,1435.900024,1423,1430.599976,5817858
21-08-2025,1440.099976,1447.800049,1436.400024,1446,6238645
22-08-2025,1444.300049,1446,1429.400024,1436.400024,6657207
25-08-2025,1435.900024,1435.900024,1424,1433.199951,6738427
26-08-2025,1427.900024,1427.900024,1413.099976,1416.599976,8720155
28-08-2025,1408,1411.800049,1396.300049,1399.099976,12990789
29-08-2025,1392.099976,1405,1392.099976,1397.800049,8519507
01-09-2025,1398.099976,1412.400024,1398.099976,1411,4927348
02-09-2025,1413.900024,1413.900024,1390,1394.199951,7163073
03-09-2025,1389,1400,1384.199951,1397,9813382
04-09-2025,1409.900024,1415.099976,1401.900024,1405.5,10564859
05-09-2025,1411,1411.5,1387.699951,1402.800049,6621077
08-09-2025,1402.199951,1410.599976,1397.599976,1402.699951,5880943
09-09-2025,1399,1407.5,1395.199951,1403.699951,6470679
10-09-2025,1410,1413.699951,1402.099976,1403.900024,7452347
11-09-2025,1398,1408,1396,1401.599976,10192026
12-09-2025,1405.099976,1419.699951,1400.099976,1417.699951,7770038
15-09-2025,1422,1426.800049,1416.300049,1419.400024,5845637
16-09-2025,1414,1424.900024,1413.699951,1421.599976,8213151
17-09-2025,1420.099976,1426.099976,1416.400024,1419.199951,7484283
18-09-2025,1431.099976,1432.800049,1415.300049,1421.699951,8130537
19-09-2025,1416.099976,1418,1400.199951,1402.199951,13457344
22-09-2025,1403.900024,1409.900024,1397.199951,1401.5,8847948
23-09-2025,1391,1403.300049,1391,1394.300049,12827524
24-09-2025,1386.400024,1390.900024,1376.5,1382.699951,9735678
25-09-2025,1377,1391.5,1371.800049,1375.800049,21613389
26-09-2025,1368,1372.699951,1357,1359.599976,18342280
29-09-2025,1359.599976,1366.5,1346.199951,1348.099976,20563163
30-09-2025,1353.699951,1356.599976,1342.599976,1348,20166871
01-10-2025,1348,1379.400024,1347.099976,1372,20952632
03-10-2025,1371.900024,1371.900024,1361.300049,1365.199951,12163695
06-10-2025,1371,1372.599976,1359.099976,1363.400024,14314283
07-10-2025,1363.599976,1383.099976,1363.599976,1375.900024,16126464
08-10-2025,1372.300049,1381.599976,1364.300049,1370.300049,8100832
09-10-2025,1369.800049,1378.699951,1365.099976,1376.199951,7909575
10-10-2025,1370.300049,1385,1370.300049,1380.300049,7673816
13-10-2025,1373.099976,1386.400024,1373.099976,1379.400024,8923018
14-10-2025,1389,1389,1375.099976,1384.099976,10610855
15-10-2025,1386.5,1400.400024,1385.5,1398.400024,8988550
16-10-2025,1401,1418.900024,1399.400024,1417.300049,12185032
17-10-2025,1412,1439.599976,1410.900024,1436.599976,17037215
20-10-2025,1442,1445,1389.199951,1390.300049,23330227
21-10-2025,1384.5,1387.599976,1375.900024,1382,3415560
23-10-2025,1385,1389.800049,1360.099976,1363.699951,21124942
24-10-2025,1368.099976,1381.599976,1368.099976,1377.699951,10570263
27-10-2025,1382.099976,1386.800049,1374,1377.599976,11499836
28-10-2025,1373,1375.800049,1356.199951,1363.099976,26477914
29-10-2025,1364.599976,1371.699951,1358.400024,1370.400024,16129382
30-10-2025,1362.400024,1370.199951,1361.300049,1362.400024,9324401
31-10-2025,1357,1362,1343.300049,1345.300049,15926798
03-11-2025,1340.5,1351.599976,1337.900024,1346.400024,11071450
04-11-2025,1342.599976,1349.800049,1333.199951,1336.900024,15211183
05-11-2025,1336.900024,1336.900024,1336.900024,1336.900024,0
06-11-2025,1330,1342.199951,1317.400024,1320.400024,24221853
07-11-2025,1320.400024,1344.300049,1318.599976,1343,7719245
10-11-2025,1342.900024,1349.599976,1341,1348,8542340
11-11-2025,1349,1360.400024,1346.199951,1358.300049,8305184
12-11-2025,1370,1370,1355.400024,1358.900024,9736761
13-11-2025,1358.900024,1390.400024,1358.5,1385.900024,18296626
14-11-2025,1374,1381.199951,1363.199951,1373,9694498
17-11-2025,1375.099976,1382.5,1373.599976,1379,7660717
18-11-2025,1380.199951,1382.800049,1369.099976,1373.400024,9529560
19-11-2025,1373.5,1384,1371.599976,1383.099976,10393918
20-11-2025,1380.099976,1388.300049,1375.400024,1383,10131863
21-11-2025,1373,1376,1364.599976,1369.5,11483595
24-11-2025,1373.300049,1377,1361.5,1368.400024,15896003
25-11-2025,1365,1376.900024,1354.300049,1357.800049,12235000
26-11-2025,1360,1377,1359.900024,1375,9659004
27-11-2025,1379,1394,1375.699951,1392.199951,15158741
28-11-2025,1392,1398.5,1385.599976,1388.800049,7683986
01-12-2025,1394,1400,1385.400024,1390.099976,8867593
02-12-2025,1381.800049,1381.800049,1370.599976,1373,12126396
03-12-2025,1367,1394.199951,1367,1391.5,7955933
04-12-2025,1387,1391.599976,1379.900024,1386.699951,7373909
05-12-2025,1381,1395.300049,1381,1392.5,4942638
08-12-2025,1387,1394.900024,1383.300049,1389.599976,7826227
09-12-2025,1379.900024,1384.300049,1373.400024,1375.199951,10492030
10-12-2025,1377.900024,1379.400024,1357.900024,1363.599976,8725381
11-12-2025,1363.699951,1366.599976,1352.800049,1360,6734576
